-HippySnob-,Fate/Apocrypha,34662,9
-HippySnob-,Isekai wa Smartphone to Tomo ni.,35203,1
-HippySnob-,Gamers!,34280,7
0MAN0,Elfen Lied,226,3
0MAN0,Akame ga Kill!,22199,3
0MAN0,Deadman Wonderland,6880,2
0MAN0,Darling in the FranXX,35849,5
1nvader,Sword Art Online,11757,8
1nvader,Kenja no Mago,36407,8
1nvader,Arifureta Shokugyou de Sekai Saikyou,36882,3
1nvader,High School DxD,11617,7
5camp,Deadman Wonderland,6880,3
5camp,Accel World,11759,3
5camp,Mahouka Koukou no Rettousei,20785,3
711nono,Tokyo Ghoul √A,27899,9
711nono,Rokka no Yuusha,28497,7
711nono,Koutetsujou no Kabaneri,28623,6
AbsarNaeem,Mahouka Koukou no Rettousei,20785,9
AbsarNaeem,Aldnoah.Zero,22729,8
AbsarNaeem,Sword Art Online II,21881,9
AbsarNaeem,Akame ga Kill!,22199,8
AbsarNaeem,Tokyo Ghoul √A,27899,8
acynicalasian,Akame ga Kill!,22199,7
acynicalasian,Mahouka Koukou no Rettousei,20785,8
acynicalasian,Guilty Crown,10793,8
AgentBishop,Sword Art Online,11757,4
AgentBishop,Sword Art Online II,21881,6
AgentBishop,Sword Art Online: Alicization,36474,6
ahmdaeyz,Koutetsujou no Kabaneri,28623,6
ahmdaeyz,Zero no Tsukaima,1195,6
ahmdaeyz,Kuzu no Honkai,32949,8
Aisuokami,Absolute Duo,25397,5
Aisuokami,Black Bullet,20787,5
Aisuokami,Akame ga Kill!,22199,6
Aisuokami,Btooom!,14345,7
Aisuokami,Deadman Wonderland,6880,6
Alamojak,Dragon Ball Super,30694,7
Alamojak,One Punch Man 2nd Season,34134,8
Alamojak,Death March kara Hajimaru Isekai Kyousoukyoku,34497,6
albert475,Sword Art Online,11757,8
albert475,Sword Art Online: Alicization,36474,4
albert475,Eromanga-sensei,32901,3
alleyesonmy,Elfen Lied,226,7
alleyesonmy,Blood-C,10490,4
alleyesonmy,Deadman Wonderland,6880,3
alleyesonmy,Himouto! Umaru-chan,28825,1
alucardmike666,Guilty Crown,10793,6
alucardmike666,Deadman Wonderland,6880,8
alucardmike666,High School DxD,11617,9
AmericanSomnium,Fate/Apocrypha,34662,6
AmericanSomnium,Re:Creators,34561,8
AmericanSomnium,Tokyo Ghoul √A,27899,5
AmericanSomnium,Darling in the FranXX,35849,7
AmericanSomnium,Goblin Slayer,37349,7
AmericanSomnium,One Punch Man 2nd Season,34134,7
AmericanSomnium,Death March kara Hajimaru Isekai Kyousoukyoku,34497,7
AmericanSomnium,Kuzu no Honkai,32949,8
AmishaelMA,Juuni Taisen,35076,7
AmishaelMA,Mahouka Koukou no Rettousei,20785,6
AmishaelMA,Rokka no Yuusha,28497,9
AmishaelMA,Death March kara Hajimaru Isekai Kyousoukyoku,34497,6
AmyWatkinson,Deadman Wonderland,6880,10
AmyWatkinson,K,14467,10
AmyWatkinson,Blood-C,10490,9
AmyWatkinson,Highschool of the Dead,8074,10
AmyWatkinson,Elfen Lied,226,9
AmyWatkinson,Baka to Test to Shoukanjuu,6347,10
AmyWatkinson,Vampire Knight,3457,9
Andreikun,Elfen Lied,226,9
Andreikun,Deadman Wonderland,6880,5
Andreikun,Highschool of the Dead,8074,8
Andreikun,Kuzu no Honkai,32949,8
Andristian,Zero no Tsukaima,1195,8
Andristian,Highschool of the Dead,8074,7
Andristian,Elfen Lied,226,9
Andristian,Yosuga no Sora: In Solitude Where We Are Least Alone.,8861,7
angelsreview,Highschool of the Dead,8074,7
angelsreview,Elfen Lied,226,7
angelsreview,Baka to Test to Shoukanjuu,6347,9
angelsreview,Masamune-kun no Revenge,33487,5
AnimeBW,Akame ga Kill!,22199,6
AnimeBW,Goblin Slayer,37349,4
AnimeBW,One Punch Man 2nd Season,34134,5
AnimeBW,Arifureta Shokugyou de Sekai Saikyou,36882,3
AnimeBW,Death March kara Hajimaru Isekai Kyousoukyoku,34497,1
AnimeFan48,Rakudai Kishi no Cavalry,30296,9
AnimeFan48,Masamune-kun no Revenge,33487,8
AnimeFan48,Yosuga no Sora: In Solitude Where We Are Least Alone.,8861,9
AnimeFan500,C: The Money of Soul and Possibility Control,10163,10
AnimeFan500,Highschool of the Dead,8074,10
AnimeFan500,Accel World,11759,8
animegirlism,Akame ga Kill!,22199,9
animegirlism,Guilty Crown,10793,7
animegirlism,Sword Art Online,11757,9
animegirlism,Black Bullet,20787,7
animegirlism,Btooom!,14345,7
animegirlism,Mahouka Koukou no Rettousei,20785,7
animegirlism,Elfen Lied,226,7
animegirlism,Rokka no Yuusha,28497,7
animegirlism,Deadman Wonderland,6880,8
animegirlism,Re:Creators,34561,10
Animeted_love7,Elfen Lied,226,9
Animeted_love7,Sword Art Online,11757,9
Animeted_love7,Sword Art Online II,21881,4
Antalk,Highschool of the Dead,8074,10
Antalk,Fate/Apocrypha,34662,7
Antalk,Mahouka Koukou no Rettousei,20785,5
Anthony_DiGrande,Elfen Lied,226,8
Anthony_DiGrande,Akame ga Kill!,22199,8
Anthony_DiGrande,Accel World,11759,9
Anthony_DiGrande,High School DxD,11617,8
Anthony_Stevens,Accel World,11759,9
Anthony_Stevens,Absolute Duo,25397,9
Anthony_Stevens,Rakudai Kishi no Cavalry,30296,9
Anthony_Stevens,Isekai wa Smartphone to Tomo ni.,35203,5
AobaSuzukaze,Sword Art Online,11757,9
AobaSuzukaze,Sword Art Online II,21881,10
AobaSuzukaze,High School DxD,11617,9
apatch3,Akame ga Kill!,22199,1
apatch3,Baka to Test to Shoukanjuu,6347,9
apatch3,B-gata H-kei,7817,8
Apdo1,Darling in the FranXX,35849,8
Apdo1,Goblin Slayer,37349,8
Apdo1,B-gata H-kei,7817,8
Apdo1,Masamune-kun no Revenge,33487,7
Apdo1,Eromanga-sensei,32901,7
Archaeon,IS: Infinite Stratos,9041,6
Archaeon,Deadman Wonderland,6880,6
Archaeon,Guilty Crown,10793,6
ArchangelEST,Sword Art Online,11757,8
ArchangelEST,Sword Art Online II,21881,8
ArchangelEST,Rokka no Yuusha,28497,8
ArchangelEST,Koutetsujou no Kabaneri,28623,6
ArchangelEST,Mahouka Koukou no Rettousei,20785,8
ArchangelEST,Darling in the FranXX,35849,8
ArchangelEST,Highschool of the Dead,8074,7
ArchangelEST,Btooom!,14345,6
ArchangelEST,Kenja no Mago,36407,7
ArchangelEST,Death March kara Hajimaru Isekai Kyousoukyoku,34497,6
ArchangelEST,Isekai wa Smartphone to Tomo ni.,35203,7
Artrill,Koutetsujou no Kabaneri,28623,4
Artrill,Darling in the FranXX,35849,2
Artrill,Eromanga-sensei,32901,1
ashketch95,Black Bullet,20787,10
ashketch95,Aldnoah.Zero,22729,9
ashketch95,Sword Art Online,11757,5
Aslt,Darling in the FranXX,35849,2
Aslt,Goblin Slayer,37349,2
Aslt,Isekai wa Smartphone to Tomo ni.,35203,1
Asunakob,Accel World,11759,8
Asunakob,Death March kara Hajimaru Isekai Kyousoukyoku,34497,7
Asunakob,Masamune-kun no Revenge,33487,6
Ataraxia-9,Accel World,11759,6
Ataraxia-9,Btooom!,14345,10
Ataraxia-9,Guilty Crown,10793,7
Ayato-kun,Akame ga Kill!,22199,6
Ayato-kun,Re:Creators,34561,5
Ayato-kun,Eromanga-sensei,32901,4
AzirHeike,Sword Art Online II,21881,8
AzirHeike,Tokyo Ghoul √A,27899,9
AzirHeike,Black Bullet,20787,7
AzirHeike,Death March kara Hajimaru Isekai Kyousoukyoku,34497,6
b0sspenguin,Sword Art Online,11757,7
b0sspenguin,Guilty Crown,10793,10
b0sspenguin,Vampire Knight,3457,4
BabyGirl06301,Sword Art Online,11757,8
BabyGirl06301,Sword Art Online II,21881,8
BabyGirl06301,Tokyo Ghoul √A,27899,8
BabyGirl06301,Elfen Lied,226,9
BabyGirl06301,Fate/stay night,356,9
BabyGirl06301,K,14467,8
BabyGirl06301,Highschool of the Dead,8074,7
BabyGirl06301,Sword Art Online: Alicization,36474,10
Baddie007,K,14467,7
Baddie007,Btooom!,14345,7
Baddie007,Aldnoah.Zero,22729,3
BanjoTheBear,Aldnoah.Zero,22729,7
BanjoTheBear,Btooom!,14345,3
BanjoTheBear,Akame ga Kill!,22199,4
BanjoTheBear,Sword Art Online II,21881,7
BanjoTheBear,Absolute Duo,25397,2
BanjoTheBear,Tokyo Ghoul √A,27899,1
BanjoTheBear,Rokka no Yuusha,28497,8
BanjoTheBear,Rakudai Kishi no Cavalry,30296,8
BanjoTheBear,Koutetsujou no Kabaneri,28623,4
BanjoTheBear,Fate/Apocrypha,34662,5
BanjoTheBear,Himouto! Umaru-chan,28825,6
BanjoTheBear,Masamune-kun no Revenge,33487,4
BanjoTheBear,Eromanga-sensei,32901,3
BanjoTheBear,Kuzu no Honkai,32949,7
Battlemaster,Re:Creators,34561,10
Battlemaster,Eromanga-sensei,32901,7
Battlemaster,Gamers!,34280,8
bearvarine,B-gata H-kei,7817,7
bearvarine,Shuffle!,79,7
bearvarine,Eromanga-sensei,32901,7
bearvarine,Yosuga no Sora: In Solitude Where We Are Least Alone.,8861,7
Biogundam,Sword Art Online,11757,4
Biogundam,Guilty Crown,10793,4
Biogundam,Mahouka Koukou no Rettousei,20785,3
Biogundam,Rakudai Kishi no Cavalry,30296,6
Biogundam,Sword Art Online II,21881,4
Biogundam,Black Bullet,20787,4
Biogundam,Re:Creators,34561,5
Biogundam,Fate/stay night,356,6
Biogundam,Highschool of the Dead,8074,6
Biogundam,Shuffle!,79,6
Biogundam,Eromanga-sensei,32901,5
Biogundam,Yosuga no Sora: In Solitude Where We Are Least Alone.,8861,5
BlackCicero,Re:Creators,34561,7
BlackCicero,Juuni Taisen,35076,8
BlackCicero,Isekai wa Smartphone to Tomo ni.,35203,5
BlackCicero,Gamers!,34280,8
blaice,Akame ga Kill!,22199,8
blaice,Kenja no Mago,36407,4
blaice,Isekai wa Smartphone to Tomo ni.,35203,7
blaice,Masamune-kun no Revenge,33487,3
BlancaXLobo,Guilty Crown,10793,5
BlancaXLobo,Blood-C,10490,9
BlancaXLobo,Black Bullet,20787,6
BlancaXLobo,Tokyo Ghoul √A,27899,5
Blazestar,Highschool of the Dead,8074,8
Blazestar,Sword Art Online,11757,6
Blazestar,Sword Art Online II,21881,5
Blec,Guilty Crown,10793,3
Blec,Sword Art Online,11757,6
Blec,Fate/Apocrypha,34662,3
bleumouse,Deadman Wonderland,6880,6
bleumouse,Akame ga Kill!,22199,7
bleumouse,Black Bullet,20787,5
bloge,Re:Creators,34561,6
bloge,Fate/stay night,356,4
bloge,Rokka no Yuusha,28497,7
Blood_Diver_A,Aldnoah.Zero,22729,4
Blood_Diver_A,Sword Art Online,11757,5
Blood_Diver_A,Goblin Slayer,37349,9
Blood_Diver_A,Isekai wa Smartphone to Tomo ni.,35203,3
BlueEclispe,Btooom!,14345,9
BlueEclispe,Re:Creators,34561,8
BlueEclispe,Juuni Taisen,35076,9
BlueEclispe,Black Clover,34572,3
BlueEclispe,Arifureta Shokugyou de Sekai Saikyou,36882,3
BlueEclispe,Isekai wa Smartphone to Tomo ni.,35203,7
BlueEclispe,Death March kara Hajimaru Isekai Kyousoukyoku,34497,5
bridgetheman,Aldnoah.Zero,22729,8
bridgetheman,Akame ga Kill!,22199,6
bridgetheman,Kenja no Mago,36407,7
bridgetheman,Darling in the FranXX,35849,7
brynolf,Highschool of the Dead,8074,3
brynolf,Gantz,384,7
brynolf,Elfen Lied,226,9
brynolf,Deadman Wonderland,6880,6
bunny1ov3r,Guilty Crown,10793,8
bunny1ov3r,C: The Money of Soul and Possibility Control,10163,8
bunny1ov3r,Masamune-kun no Revenge,33487,5
BWwolf47,Tokyo Ghoul √A,27899,4
BWwolf47,Guilty Crown,10793,8
BWwolf47,Yosuga no Sora: In Solitude Where We Are Least Alone.,8861,8
Caleb_Marvell,Sword Art Online,11757,9
Caleb_Marvell,Highschool of the Dead,8074,8
Caleb_Marvell,Shuffle!,79,9
Caleb_Marvell,B-gata H-kei,7817,8
Caleb_Marvell,Yosuga no Sora: In Solitude Where We Are Least Alone.,8861,9
camay1997,Aldnoah.Zero,22729,9
camay1997,Akame ga Kill!,22199,9
camay1997,Mahouka Koukou no Rettousei,20785,7
camay1997,Rokka no Yuusha,28497,4
camay1997,Juuni Taisen,35076,7
camay1997,Dragon Ball Super,30694,7
camay1997,Darling in the FranXX,35849,5
camay1997,B-gata H-kei,7817,7
camay1997,Masamune-kun no Revenge,33487,6
camay1997,Yosuga no Sora: In Solitude Where We Are Least Alone.,8861,8
CanAKATheIndigo,Juuni Taisen,35076,4
CanAKATheIndigo,Dragon Ball Super,30694,6
CanAKATheIndigo,Goblin Slayer,37349,6
CanAKATheIndigo,Isekai wa Smartphone to Tomo ni.,35203,1
CanAKATheIndigo,Kuzu no Honkai,32949,8
captjoe213,Akame ga Kill!,22199,8
captjoe213,High School DxD,11617,9
captjoe213,B-gata H-kei,7817,8
cardcaptorkyo,Guilty Crown,10793,7
cardcaptorkyo,Elfen Lied,226,7
cardcaptorkyo,Highschool of the Dead,8074,4
carnage_panda,Highschool of the Dead,8074,7
carnage_panda,Akame ga Kill!,22199,9
carnage_panda,Accel World,11759,9
CecaniahCorabele,Sword Art Online II,21881,5
CecaniahCorabele,C: The Money of Soul and Possibility Control,10163,7
CecaniahCorabele,Btooom!,14345,6
Chaosprince829,Sword Art Online,11757,10
Chaosprince829,Sword Art Online II,21881,10
Chaosprince829,Gamers!,34280,9
Charliegone,Blood-C,10490,7
Charliegone,Guilty Crown,10793,4
Charliegone,High School DxD,11617,7
CheckList,Sword Art Online,11757,9
CheckList,IS: Infinite Stratos,9041,7
CheckList,Accel World,11759,6
ChoocoboYao,Guilty Crown,10793,5
ChoocoboYao,Rakudai Kishi no Cavalry,30296,7
ChoocoboYao,Koutetsujou no Kabaneri,28623,7
chrisA15,Sword Art Online II,21881,5
chrisA15,Highschool of the Dead,8074,5
chrisA15,Sword Art Online,11757,6
chrisA15,Baka to Test to Shoukanjuu,6347,7
Chris_Concept,Rokka no Yuusha,28497,7
Chris_Concept,Absolute Duo,25397,4
Chris_Concept,Akame ga Kill!,22199,6
Chris_Concept,Himouto! Umaru-chan,28825,5
ChucriBZ,Highschool of the Dead,8074,8
ChucriBZ,Zero no Tsukaima,1195,7
ChucriBZ,B-gata H-kei,7817,7
CobaltSigma,Akame ga Kill!,22199,3
CobaltSigma,Aldnoah.Zero,22729,5
CobaltSigma,Fate/stay night,356,4
CodeBlazeFate,Koutetsujou no Kabaneri,28623,5
CodeBlazeFate,Sword Art Online,11757,5
CodeBlazeFate,Sword Art Online II,21881,7
CodeBlazeFate,Mahouka Koukou no Rettousei,20785,1
CodeBlazeFate,Akame ga Kill!,22199,4
CodeBlazeFate,Re:Creators,34561,8
CodeBlazeFate,Fate/Apocrypha,34662,4
CodeBlazeFate,Rakudai Kishi no Cavalry,30296,7
CodeBlazeFate,Darling in the FranXX,35849,2
CodeBlazeFate,One Punch Man 2nd Season,34134,3
CodeBlazeFate,Arifureta Shokugyou de Sekai Saikyou,36882,1
CodeBlazeFate,Aldnoah.Zero,22729,4
CodeBlazeFate,Isekai wa Smartphone to Tomo ni.,35203,1
CodeBlazeFate,Death March kara Hajimaru Isekai Kyousoukyoku,34497,5
colonelpanic,Blood-C,10490,6
colonelpanic,Deadman Wonderland,6880,3
colonelpanic,Black Bullet,20787,8
connielas,IS: Infinite Stratos,9041,6
connielas,Highschool of the Dead,8074,4
connielas,Sword Art Online,11757,6
CoolBreeze,Sword Art Online,11757,10
CoolBreeze,Guilty Crown,10793,10
CoolBreeze,Highschool of the Dead,8074,9
CoolBreeze,IS: Infinite Stratos,9041,7
CoolBreeze,Shuffle!,79,8
CoolBreeze,B-gata H-kei,7817,8
Crashmatt,Akame ga Kill!,22199,8
Crashmatt,Btooom!,14345,7
Crashmatt,Deadman Wonderland,6880,7
CrimsonNavy,Fate/Apocrypha,34662,2
CrimsonNavy,Juuni Taisen,35076,5
CrimsonNavy,Darling in the FranXX,35849,2
CrusaderElly,Tokyo Ghoul √A,27899,3
CrusaderElly,Fate/Apocrypha,34662,6
CrusaderElly,Fate/stay night,356,6
CrusaderElly,Akame ga Kill!,22199,6
CrusaderElly,Dragon Ball Super,30694,6
CyberSpeek,Elfen Lied,226,10
CyberSpeek,Highschool of the Dead,8074,6
CyberSpeek,Btooom!,14345,7
Cyborg_Dragon,Mahouka Koukou no Rettousei,20785,6
Cyborg_Dragon,Tokyo Ghoul √A,27899,7
Cyborg_Dragon,Koutetsujou no Kabaneri,28623,7
dadnaya,Mahouka Koukou no Rettousei,20785,8
dadnaya,Juuni Taisen,35076,4
dadnaya,Yosuga no Sora: In Solitude Where We Are Least Alone.,8861,2
daimonfo,Absolute Duo,25397,5
daimonfo,Highschool of the Dead,8074,9
daimonfo,IS: Infinite Stratos,9041,7
daimonfo,Zero no Tsukaima,1195,9
daimonfo,Rakudai Kishi no Cavalry,30296,10
daimonfo,Yosuga no Sora: In Solitude Where We Are Least Alone.,8861,8
Dalek_of_Skaro,Btooom!,14345,9
Dalek_of_Skaro,Elfen Lied,226,8
Dalek_of_Skaro,K,14467,9
DannieOne,Sword Art Online,11757,10
DannieOne,Sword Art Online II,21881,9
DannieOne,Guilty Crown,10793,9
DannieOne,Rakudai Kishi no Cavalry,30296,9
DannieOne,High School DxD,11617,10
DannieOne,Yosuga no Sora: In Solitude Where We Are Least Alone.,8861,7
Dante012,Sword Art Online,11757,8
Dante012,Fate/stay night,356,8
Dante012,Boruto: Naruto Next Generations,34566,1
Dante012,Dragon Ball Super,30694,1
Dante012,Fate/Apocrypha,34662,4
Dante012,One Punch Man 2nd Season,34134,3
Dante012,Sword Art Online: Alicization,36474,4
Dante012,Eromanga-sensei,32901,7
DanteMustDie8907,Guilty Crown,10793,7
DanteMustDie8907,Fate/stay night,356,4
DanteMustDie8907,Akame ga Kill!,22199,8
Darkmoq,Sword Art Online,11757,5
Darkmoq,Btooom!,14345,7
Darkmoq,Zero no Tsukaima,1195,7
Darkmoq,Accel World,11759,4
Darkmoq,Gantz,384,5
Darkmoq,B-gata H-kei,7817,8
Darkmoq,Itazura na Kiss,3731,3
DarknessReality,Mahouka Koukou no Rettousei,20785,10
DarknessReality,Aldnoah.Zero,22729,10
DarknessReality,Btooom!,14345,10
DarknessReality,Tokyo Ghoul √A,27899,10
DarknessReality,Goblin Slayer,37349,8
DarknessReality,Fate/Apocrypha,34662,9
DarknessReality,Itazura na Kiss,3731,10
DerekUrban,Btooom!,14345,8
DerekUrban,Guilty Crown,10793,7
DerekUrban,B-gata H-kei,7817,7
DerekUrban,Shuffle!,79,7
DerpyWerpy,Sword Art Online,11757,10
DerpyWerpy,Sword Art Online II,21881,10
DerpyWerpy,Sword Art Online: Alicization,36474,10
DesolatePsyche,Juuni Taisen,35076,6
DesolatePsyche,Isekai wa Smartphone to Tomo ni.,35203,7
DesolatePsyche,Masamune-kun no Revenge,33487,7
DesolatePsyche,Eromanga-sensei,32901,7
DeSwitch,IS: Infinite Stratos,9041,6
DeSwitch,Elfen Lied,226,9
DeSwitch,C: The Money of Soul and Possibility Control,10163,5
DeSwitch,Shuffle!,79,9
DeSwitch,Vampire Knight,3457,7
DeSwitch,Yosuga no Sora: In Solitude Where We Are Least Alone.,8861,7
Detective,Highschool of the Dead,8074,8
Detective,C: The Money of Soul and Possibility Control,10163,5
Detective,Akame ga Kill!,22199,2
Diassia,Elfen Lied,226,10
Diassia,Akame ga Kill!,22199,6
Diassia,Itazura na Kiss,3731,5
Diassia,Vampire Knight,3457,8
dim100,IS: Infinite Stratos,9041,7
dim100,Mahouka Koukou no Rettousei,20785,7
dim100,Arifureta Shokugyou de Sekai Saikyou,36882,6
dim100,Death March kara Hajimaru Isekai Kyousoukyoku,34497,6
Dionkeykong,Highschool of the Dead,8074,4
Dionkeykong,Shuffle!,79,4
Dionkeykong,Gamers!,34280,3
Dionkeykong,Yosuga no Sora: In Solitude Where We Are Least Alone.,8861,10
DiscoMilf,Akame ga Kill!,22199,3
DiscoMilf,Highschool of the Dead,8074,1
DiscoMilf,Tokyo Ghoul √A,27899,1
DiscoMilf,One Punch Man 2nd Season,34134,3
DJM47,Darling in the FranXX,35849,6
DJM47,Black Clover,34572,6
DJM47,High School DxD,11617,6
DJM47,Gamers!,34280,6
DJNOSTYLE,Akame ga Kill!,22199,8
DJNOSTYLE,Tokyo Ghoul √A,27899,8
DJNOSTYLE,Yosuga no Sora: In Solitude Where We Are Least Alone.,8861,5
DoomRanger,Boruto: Naruto Next Generations,34566,8
DoomRanger,Mahouka Koukou no Rettousei,20785,8
DoomRanger,Dragon Ball Super,30694,8
DoomRanger,One Punch Man 2nd Season,34134,8
DoomRanger,Accel World,11759,3
DoomRanger,Isekai wa Smartphone to Tomo ni.,35203,4
Drevorn,Highschool of the Dead,8074,5
Drevorn,High School DxD,11617,9
Drevorn,Yosuga no Sora: In Solitude Where We Are Least Alone.,8861,5
Dunedane,Sword Art Online,11757,10
Dunedane,Mahouka Koukou no Rettousei,20785,9
Dunedane,Absolute Duo,25397,5
Dwarfking45,Highschool of the Dead,8074,6
Dwarfking45,Sword Art Online,11757,8
Dwarfking45,Elfen Lied,226,9
Eanki,Goblin Slayer,37349,4
Eanki,Masamune-kun no Revenge,33487,3
Eanki,Gamers!,34280,6
earl_of_sandvich,Mahouka Koukou no Rettousei,20785,8
earl_of_sandvich,Sword Art Online,11757,7
earl_of_sandvich,Sword Art Online II,21881,6
EbiNewin,Akame ga Kill!,22199,8
EbiNewin,Highschool of the Dead,8074,7
EbiNewin,Sword Art Online,11757,7
EbiNewin,Sword Art Online II,21881,7
EbiNewin,Fate/stay night,356,6
EbiNewin,Rokka no Yuusha,28497,7
EbiNewin,Rakudai Kishi no Cavalry,30296,8
EbiNewin,Himouto! Umaru-chan,28825,6
edwindza,Isekai wa Smartphone to Tomo ni.,35203,6
edwindza,Masamune-kun no Revenge,33487,6
edwindza,Gamers!,34280,5
elc1247,Gantz,384,5
elc1247,Fate/stay night,356,9
elc1247,Elfen Lied,226,9
Empyreanpain,Absolute Duo,25397,7
Empyreanpain,Arifureta Shokugyou de Sekai Saikyou,36882,8
Empyreanpain,Isekai wa Smartphone to Tomo ni.,35203,7
Empyreanpain,High School DxD,11617,8
End,Btooom!,14345,8
End,Elfen Lied,226,8
End,Rokka no Yuusha,28497,8
EnZanity,Re:Creators,34561,6
EnZanity,Juuni Taisen,35076,6
EnZanity,Masamune-kun no Revenge,33487,2
Eoussama,Deadman Wonderland,6880,7
Eoussama,Akame ga Kill!,22199,5
Eoussama,Goblin Slayer,37349,7
Eoussama,One Punch Man 2nd Season,34134,8
Eoussama,Arifureta Shokugyou de Sekai Saikyou,36882,3
Eoussama,Himouto! Umaru-chan,28825,7
Eoussama,High School DxD,11617,7
EpicSawce,Highschool of the Dead,8074,4
EpicSawce,Sword Art Online II,21881,7
EpicSawce,Aldnoah.Zero,22729,8
ethann,Zero no Tsukaima,1195,9
ethann,Itazura na Kiss,3731,9
ethann,Vampire Knight,3457,7
Evillordexdeath,Sword Art Online,11757,3
Evillordexdeath,K,14467,7
Evillordexdeath,Rakudai Kishi no Cavalry,30296,6
Evillordexdeath,Sword Art Online II,21881,3
explicit707,Highschool of the Dead,8074,8
explicit707,Sword Art Online,11757,10
explicit707,Deadman Wonderland,6880,8
explicit707,Fate/stay night,356,7
explicit707,Guilty Crown,10793,7
explicit707,Elfen Lied,226,8
explicit707,Btooom!,14345,8
explicit707,K,14467,7
FalseShepherd13,Gantz,384,6
FalseShepherd13,Highschool of the Dead,8074,8
FalseShepherd13,Aldnoah.Zero,22729,3
Fear_the_Reefer,Blood-C,10490,4
Fear_the_Reefer,Elfen Lied,226,5
Fear_the_Reefer,Sword Art Online,11757,5
Fear_the_Reefer,C: The Money of Soul and Possibility Control,10163,4
Fear_the_Reefer,B-gata H-kei,7817,8
Fear_the_Reefer,Vampire Knight,3457,5
femto999,K,14467,9
femto999,Sword Art Online II,21881,7
femto999,Gantz,384,3
femto999,Tokyo Ghoul √A,27899,7
FlameTaJaDoru,Black Bullet,20787,6
FlameTaJaDoru,IS: Infinite Stratos,9041,6
FlameTaJaDoru,Akame ga Kill!,22199,7
Flare_Tide,Sword Art Online,11757,10
Flare_Tide,Accel World,11759,10
Flare_Tide,Btooom!,14345,9
Flare_Tide,IS: Infinite Stratos,9041,9
Flare_Tide,Tokyo Ghoul √A,27899,8
Flawfinder,Akame ga Kill!,22199,2
Flawfinder,Rokka no Yuusha,28497,4
Flawfinder,Guilty Crown,10793,8
Flawfinder,Koutetsujou no Kabaneri,28623,7
forster82,Goblin Slayer,37349,9
forster82,Deadman Wonderland,6880,6
forster82,Sword Art Online: Alicization,36474,9
forster82,Kenja no Mago,36407,7
For_Reign,Accel World,11759,8
For_Reign,Fate/stay night,356,8
For_Reign,Black Bullet,20787,7
For_Reign,K,14467,7
For_Reign,Akame ga Kill!,22199,7
Fragglepuss,Mahouka Koukou no Rettousei,20785,5
Fragglepuss,Sword Art Online,11757,8
Fragglepuss,Black Bullet,20787,7
Fragglepuss,Deadman Wonderland,6880,9
Fragglepuss,Highschool of the Dead,8074,8
Frassati,Sword Art Online,11757,6
Frassati,Sword Art Online II,21881,4
Frassati,One Punch Man 2nd Season,34134,5
fraz15,Elfen Lied,226,8
fraz15,Tokyo Ghoul √A,27899,7
fraz15,Boruto: Naruto Next Generations,34566,1
FrostyFullbuster,Tokyo Ghoul √A,27899,4
FrostyFullbuster,Sword Art Online II,21881,3
FrostyFullbuster,IS: Infinite Stratos,9041,3
FuegoIndigo,Sword Art Online II,21881,5
FuegoIndigo,Sword Art Online,11757,3
FuegoIndigo,Masamune-kun no Revenge,33487,2
FullmetalCowboy,Highschool of the Dead,8074,5
FullmetalCowboy,Elfen Lied,226,6
FullmetalCowboy,Deadman Wonderland,6880,5
FullmetalCowboy,Sword Art Online,11757,4
FullmetalCowboy,Baka to Test to Shoukanjuu,6347,6
GameMasterGary,Elfen Lied,226,7
GameMasterGary,Goblin Slayer,37349,8
GameMasterGary,Sword Art Online: Alicization,36474,8
GameMasterGary,One Punch Man 2nd Season,34134,7
garfaneklZ,Guilty Crown,10793,7
garfaneklZ,Aldnoah.Zero,22729,7
garfaneklZ,Akame ga Kill!,22199,9
GarlandReese,K,14467,8
GarlandReese,Aldnoah.Zero,22729,5
GarlandReese,Sword Art Online,11757,7
GarlandReese,Mahouka Koukou no Rettousei,20785,4
GarlandReese,Vampire Knight,3457,6
Gazz,Himouto! Umaru-chan,28825,6
Gazz,Masamune-kun no Revenge,33487,5
Gazz,Gamers!,34280,3
Geddon616,Mahouka Koukou no Rettousei,20785,9
Geddon616,Rakudai Kishi no Cavalry,30296,8
Geddon616,Boruto: Naruto Next Generations,34566,3
ggultra2764,C: The Money of Soul and Possibility Control,10163,7
ggultra2764,Gantz,384,4
ggultra2764,Btooom!,14345,7
ggultra2764,Guilty Crown,10793,5
ggultra2764,Accel World,11759,6
ggultra2764,Highschool of the Dead,8074,5
ggultra2764,Rokka no Yuusha,28497,6
ggultra2764,Akame ga Kill!,22199,5
ggultra2764,Sword Art Online,11757,5
ggultra2764,Fate/Apocrypha,34662,6
ggultra2764,Darling in the FranXX,35849,6
ggultra2764,Re:Creators,34561,8
ggultra2764,High School DxD,11617,6
ggultra2764,Eromanga-sensei,32901,3
ggultra2764,Yosuga no Sora: In Solitude Where We Are Least Alone.,8861,2
ggultra2764,Kuzu no Honkai,32949,8
GodBlessDXD,Highschool of the Dead,8074,8
GodBlessDXD,Absolute Duo,25397,5
GodBlessDXD,Sword Art Online,11757,9
GodBlessDXD,Sword Art Online II,21881,9
GodBlessDXD,Accel World,11759,6
GodBlessDXD,Elfen Lied,226,4
GodBlessDXD,High School DxD,11617,9
GodBlessDXD,B-gata H-kei,7817,8
Gonzo-lewd,Sword Art Online II,21881,4
Gonzo-lewd,Akame ga Kill!,22199,6
Gonzo-lewd,Rakudai Kishi no Cavalry,30296,6
Gonzo-lewd,Himouto! Umaru-chan,28825,8
Gozmit,Sword Art Online,11757,9
Gozmit,Dragon Ball Super,30694,8
Gozmit,Masamune-kun no Revenge,33487,8
GrayRealm,Mahouka Koukou no Rettousei,20785,5
GrayRealm,Rakudai Kishi no Cavalry,30296,5
GrayRealm,Re:Creators,34561,3
GrayRealm,Blood-C,10490,2
GrayRealm,Kenja no Mago,36407,4
GrayRealm,One Punch Man 2nd Season,34134,3
GrayRealm,Isekai wa Smartphone to Tomo ni.,35203,5
GrayRealm,Death March kara Hajimaru Isekai Kyousoukyoku,34497,4
grazr,Sword Art Online: Alicization,36474,7
grazr,Arifureta Shokugyou de Sekai Saikyou,36882,7
grazr,Kenja no Mago,36407,7
grazr,Isekai wa Smartphone to Tomo ni.,35203,5
grazr,Baka to Test to Shoukanjuu,6347,6
grazr,Shuffle!,79,7
greycentipede,Sword Art Online,11757,4
greycentipede,Sword Art Online II,21881,5
greycentipede,Aldnoah.Zero,22729,6
Grizzziff,Goblin Slayer,37349,7
Grizzziff,Sword Art Online,11757,7
Grizzziff,Arifureta Shokugyou de Sekai Saikyou,36882,5
Groenboys,Goblin Slayer,37349,7
Groenboys,Eromanga-sensei,32901,9
Groenboys,Gamers!,34280,6
Growler,K,14467,9
Growler,Elfen Lied,226,10
Growler,Deadman Wonderland,6880,10
H4nss0n,Goblin Slayer,37349,4
H4nss0n,Kenja no Mago,36407,2
H4nss0n,Death March kara Hajimaru Isekai Kyousoukyoku,34497,3
HabitPlays,Sword Art Online II,21881,10
HabitPlays,Btooom!,14345,9
HabitPlays,C: The Money of Soul and Possibility Control,10163,9
HabitPlays,Deadman Wonderland,6880,8
HabitPlays,Rakudai Kishi no Cavalry,30296,9
Half-MagePrince,Re:Creators,34561,10
Half-MagePrince,Sword Art Online,11757,9
Half-MagePrince,Dragon Ball Super,30694,7
HaruHaru304,Gantz,384,6
HaruHaru304,Blood-C,10490,3
HaruHaru304,Sword Art Online,11757,6
HattiewithSugar,Sword Art Online,11757,5
HattiewithSugar,K,14467,9
HattiewithSugar,Highschool of the Dead,8074,7
Hatul,Blood-C,10490,4
Hatul,Btooom!,14345,3
Hatul,Juuni Taisen,35076,3
HaXXspetten,Black Bullet,20787,7
HaXXspetten,Absolute Duo,25397,4
HaXXspetten,Rokka no Yuusha,28497,7
HaXXspetten,Rakudai Kishi no Cavalry,30296,7
HaXXspetten,Masamune-kun no Revenge,33487,5
HaXXspetten,Eromanga-sensei,32901,8
HaXXspetten,Gamers!,34280,6
HaXXspetten,Kuzu no Honkai,32949,9
Hazegurl,Guilty Crown,10793,3
Hazegurl,Btooom!,14345,8
Hazegurl,Sword Art Online,11757,6
Hazegurl,C: The Money of Soul and Possibility Control,10163,5
HazelShonenFan,Tokyo Ghoul √A,27899,5
HazelShonenFan,Black Clover,34572,6
HazelShonenFan,Boruto: Naruto Next Generations,34566,5
Hectotane,Guilty Crown,10793,4
Hectotane,K,14467,7
Hectotane,Absolute Duo,25397,6
Hectotane,Vampire Knight,3457,8
helur,IS: Infinite Stratos,9041,5
helur,C: The Money of Soul and Possibility Control,10163,7
helur,Yosuga no Sora: In Solitude Where We Are Least Alone.,8861,7
HereticHunter,Re:Creators,34561,5
HereticHunter,Juuni Taisen,35076,6
HereticHunter,Fate/Apocrypha,34662,7
HeroVladimir93,Arifureta Shokugyou de Sekai Saikyou,36882,3
HeroVladimir93,Isekai wa Smartphone to Tomo ni.,35203,7
HeroVladimir93,Death March kara Hajimaru Isekai Kyousoukyoku,34497,7
hexashadow13,Elfen Lied,226,8
hexashadow13,IS: Infinite Stratos,9041,7
hexashadow13,Absolute Duo,25397,8
hexashadow13,High School DxD,11617,10
Hiroshi_Saito,Sword Art Online,11757,7
Hiroshi_Saito,Sword Art Online II,21881,7
Hiroshi_Saito,Accel World,11759,7
Hiroshi_Saito,Rakudai Kishi no Cavalry,30296,9
Hiroshi_Saito,Masamune-kun no Revenge,33487,7
HybridMedia,Highschool of the Dead,8074,5
HybridMedia,Elfen Lied,226,5
HybridMedia,Deadman Wonderland,6880,8
HybridMedia,Fate/stay night,356,6
HybridMedia,K,14467,5
HybridMedia,Sword Art Online,11757,3
Hypocrius,Sword Art Online,11757,3
Hypocrius,Sword Art Online II,21881,4
Hypocrius,Guilty Crown,10793,10
Hypocrius,Tokyo Ghoul √A,27899,1
IAintAllBad,Juuni Taisen,35076,6
IAintAllBad,B-gata H-kei,7817,7
IAintAllBad,Masamune-kun no Revenge,33487,6
idontwatchanim,Sword Art Online,11757,7
idontwatchanim,Koutetsujou no Kabaneri,28623,9
idontwatchanim,Kuzu no Honkai,32949,8
Illikas,Elfen Lied,226,4
Illikas,Sword Art Online,11757,10
Illikas,Mahouka Koukou no Rettousei,20785,8
Illikas,Black Bullet,20787,5
ILoveOreImo,Mahouka Koukou no Rettousei,20785,1
ILoveOreImo,Guilty Crown,10793,7
ILoveOreImo,C: The Money of Soul and Possibility Control,10163,9
ILoveOreImo,K,14467,9
ImRingo,Isekai wa Smartphone to Tomo ni.,35203,4
ImRingo,High School DxD,11617,7
ImRingo,Eromanga-sensei,32901,2
ImRingo,Gamers!,34280,8
Injenss,Darling in the FranXX,35849,6
Injenss,Fate/stay night,356,2
Injenss,Goblin Slayer,37349,9
Injenss,One Punch Man 2nd Season,34134,4
Injenss,Masamune-kun no Revenge,33487,4
Inorichi,Sword Art Online,11757,8
Inorichi,Guilty Crown,10793,9
Inorichi,Isekai wa Smartphone to Tomo ni.,35203,7
iorn,Dragon Ball Super,30694,1
iorn,Juuni Taisen,35076,5
iorn,Goblin Slayer,37349,1
isaiye,Akame ga Kill!,22199,5
isaiye,Aldnoah.Zero,22729,7
isaiye,Sword Art Online II,21881,5
iSuckAtWriting,Sword Art Online,11757,6
iSuckAtWriting,Aldnoah.Zero,22729,5
iSuckAtWriting,Sword Art Online II,21881,7
iSuckAtWriting,Baka to Test to Shoukanjuu,6347,7
ItIsIDio,Elfen Lied,226,3
ItIsIDio,Deadman Wonderland,6880,2
ItIsIDio,One Punch Man 2nd Season,34134,5
Its-Maki-kun,Koutetsujou no Kabaneri,28623,7
Its-Maki-kun,Re:Creators,34561,9
Its-Maki-kun,Darling in the FranXX,35849,7
Its-Maki-kun,Goblin Slayer,37349,8
ItzToxic,Masamune-kun no Revenge,33487,9
ItzToxic,Gamers!,34280,7
ItzToxic,Kuzu no Honkai,32949,10
ItzYaBoiSatan,Deadman Wonderland,6880,7
ItzYaBoiSatan,Akame ga Kill!,22199,7
ItzYaBoiSatan,Isekai wa Smartphone to Tomo ni.,35203,8
JackCox,Elfen Lied,226,6
JackCox,Gantz,384,9
JackCox,B-gata H-kei,7817,8
Jakstar2204,Highschool of the Dead,8074,10
Jakstar2204,Sword Art Online,11757,8
Jakstar2204,Akame ga Kill!,22199,8
JBlake35,Re:Creators,34561,8
JBlake35,Koutetsujou no Kabaneri,28623,7
JBlake35,Darling in the FranXX,35849,7
jc9622,Sword Art Online II,21881,8
jc9622,Sword Art Online,11757,9
jc9622,Akame ga Kill!,22199,7
jc9622,Guilty Crown,10793,7
jc9622,Fate/stay night,356,6
jc9622,Koutetsujou no Kabaneri,28623,6
jc9622,Aldnoah.Zero,22729,7
Jebus_Kreist,Highschool of the Dead,8074,6
Jebus_Kreist,Mahouka Koukou no Rettousei,20785,7
Jebus_Kreist,Akame ga Kill!,22199,7
Jebus_Kreist,Tokyo Ghoul √A,27899,2
Jebus_Kreist,Fate/stay night,356,5
Jebus_Kreist,Fate/Apocrypha,34662,3
Jebus_Kreist,Darling in the FranXX,35849,3
Jebus_Kreist,Yosuga no Sora: In Solitude Where We Are Least Alone.,8861,8
Jeffrey-sama,IS: Infinite Stratos,9041,7
Jeffrey-sama,Highschool of the Dead,8074,7
Jeffrey-sama,Accel World,11759,7
JiangHaoyi1979,Darling in the FranXX,35849,8
JiangHaoyi1979,Goblin Slayer,37349,7
JiangHaoyi1979,Sword Art Online: Alicization,36474,8
JiangHaoyi1979,Kenja no Mago,36407,3
Jigoku-n3ko,Deadman Wonderland,6880,6
Jigoku-n3ko,C: The Money of Soul and Possibility Control,10163,7
Jigoku-n3ko,Blood-C,10490,6
Jigoku-n3ko,Itazura na Kiss,3731,2
Jio_Inzagi,Sword Art Online,11757,4
Jio_Inzagi,Kenja no Mago,36407,6
Jio_Inzagi,Death March kara Hajimaru Isekai Kyousoukyoku,34497,8
JKinky88,Sword Art Online,11757,2
JKinky88,Sword Art Online II,21881,5
JKinky88,Tokyo Ghoul √A,27899,3
JKinky88,Highschool of the Dead,8074,7
JKinky88,High School DxD,11617,7
JMac525,Guilty Crown,10793,7
JMac525,Highschool of the Dead,8074,6
JMac525,Gantz,384,6
JMac525,Elfen Lied,226,8
Julius_Light,Akame ga Kill!,22199,8
Julius_Light,Fate/stay night,356,8
Julius_Light,Guilty Crown,10793,9
Julius_Light,Koutetsujou no Kabaneri,28623,8
Julius_Light,Mahouka Koukou no Rettousei,20785,7
Julius_Light,Sword Art Online,11757,7
Julius_Light,Highschool of the Dead,8074,7
Julius_Light,Deadman Wonderland,6880,8
Julius_Light,High School DxD,11617,7
Kadrian,Black Bullet,20787,10
Kadrian,K,14467,10
Kadrian,Mahouka Koukou no Rettousei,20785,9
kairyu_gen1,Sword Art Online,11757,2
kairyu_gen1,Dragon Ball Super,30694,3
kairyu_gen1,Gamers!,34280,8
kaizersaber,Aldnoah.Zero,22729,7
kaizersaber,Akame ga Kill!,22199,8
kaizersaber,Sword Art Online II,21881,6
kaizersaber,Black Bullet,20787,5
kaizersaber,Tokyo Ghoul √A,27899,6
kami_Munchkins,Sword Art Online II,21881,10
kami_Munchkins,Sword Art Online,11757,10
kami_Munchkins,K,14467,10
Karhu,Sword Art Online,11757,3
Karhu,K,14467,3
Karhu,Darling in the FranXX,35849,10
Karhu,Goblin Slayer,37349,10
Karhu,Sword Art Online: Alicization,36474,2
Karhu,One Punch Man 2nd Season,34134,3
Karhu,Death March kara Hajimaru Isekai Kyousoukyoku,34497,10
Katrov,Darling in the FranXX,35849,4
Katrov,Akame ga Kill!,22199,8
Katrov,Juuni Taisen,35076,3
KD7BWB,Fate/stay night,356,8
KD7BWB,Absolute Duo,25397,7
KD7BWB,Akame ga Kill!,22199,8
kenichishinichi,Isekai wa Smartphone to Tomo ni.,35203,8
kenichishinichi,Gamers!,34280,6
kenichishinichi,Masamune-kun no Revenge,33487,5
KGohan_Kame,Sword Art Online,11757,6
KGohan_Kame,Sword Art Online II,21881,7
KGohan_Kame,B-gata H-kei,7817,3
KingHarkinian,Sword Art Online,11757,7
KingHarkinian,Himouto! Umaru-chan,28825,4
KingHarkinian,Eromanga-sensei,32901,10
KingMathis,K,14467,8
KingMathis,Arifureta Shokugyou de Sekai Saikyou,36882,8
KingMathis,Sword Art Online,11757,7
KiryuuinSatsuki,Sword Art Online,11757,8
KiryuuinSatsuki,Gamers!,34280,7
KiryuuinSatsuki,Eromanga-sensei,32901,8
kokuborou,Tokyo Ghoul √A,27899,2
kokuborou,Highschool of the Dead,8074,3
kokuborou,Darling in the FranXX,35849,8
kokuborou,Masamune-kun no Revenge,33487,2
kokuborou,Kuzu no Honkai,32949,3
KomanoOhta,Rokka no Yuusha,28497,8
KomanoOhta,Zero no Tsukaima,1195,7
KomanoOhta,Highschool of the Dead,8074,9
KomanoOhta,Himouto! Umaru-chan,28825,7
KomanoOhta,Yosuga no Sora: In Solitude Where We Are Least Alone.,8861,9
Kouka8234,Sword Art Online,11757,7
Kouka8234,Black Clover,34572,7
Kouka8234,Eromanga-sensei,32901,7
Krunchyman,Darling in the FranXX,35849,1
Krunchyman,Goblin Slayer,37349,7
Krunchyman,Kenja no Mago,36407,1
Krunchyman,One Punch Man 2nd Season,34134,4
Krunchyman,Arifureta Shokugyou de Sekai Saikyou,36882,5
ktulu007,Deadman Wonderland,6880,8
ktulu007,C: The Money of Soul and Possibility Control,10163,7
ktulu007,Blood-C,10490,6
ktulu007,Highschool of the Dead,8074,1
ktulu007,Gantz,384,4
ktulu007,Btooom!,14345,8
ktulu007,Sword Art Online,11757,2
ktulu007,Rakudai Kishi no Cavalry,30296,3
ktulu007,Rokka no Yuusha,28497,8
ktulu007,Koutetsujou no Kabaneri,28623,6
ktulu007,Sword Art Online II,21881,3
ktulu007,Elfen Lied,226,1
ktulu007,Re:Creators,34561,4
ktulu007,Goblin Slayer,37349,3
ktulu007,Baka to Test to Shoukanjuu,6347,1
Kuta1,Sword Art Online,11757,2
Kuta1,Dragon Ball Super,30694,4
Kuta1,Yosuga no Sora: In Solitude Where We Are Least Alone.,8861,5
KyasutoNaito,Juuni Taisen,35076,6
KyasutoNaito,Death March kara Hajimaru Isekai Kyousoukyoku,34497,9
KyasutoNaito,Masamune-kun no Revenge,33487,8
LackOfARealLife,Sword Art Online,11757,7
LackOfARealLife,Sword Art Online II,21881,6
LackOfARealLife,Zero no Tsukaima,1195,4
LackOfARealLife,Tokyo Ghoul √A,27899,7
lakshika,Highschool of the Dead,8074,10
lakshika,Deadman Wonderland,6880,10
lakshika,B-gata H-kei,7817,10
LaLeLuLiLo,Re:Creators,34561,3
LaLeLuLiLo,Juuni Taisen,35076,3
LaLeLuLiLo,Masamune-kun no Revenge,33487,4
LaLeLuLiLo,Kuzu no Honkai,32949,5
Lando23,Absolute Duo,25397,7
Lando23,Akame ga Kill!,22199,7
Lando23,Aldnoah.Zero,22729,9
lawlmartz,Sword Art Online,11757,7
lawlmartz,Highschool of the Dead,8074,8
lawlmartz,Absolute Duo,25397,3
lawlmartz,Elfen Lied,226,7
lawlmartz,Fate/stay night,356,8
lawlmartz,Tokyo Ghoul √A,27899,4
lawlmartz,Guilty Crown,10793,7
lawlmartz,Koutetsujou no Kabaneri,28623,6
lawlmartz,Akame ga Kill!,22199,5
lawlmartz,Sword Art Online II,21881,5
LeaderTGW,Elfen Lied,226,10
LeaderTGW,Blood-C,10490,5
LeaderTGW,Akame ga Kill!,22199,5
LeaderTGW,Rakudai Kishi no Cavalry,30296,8
LeaderTGW,B-gata H-kei,7817,8
Lean_nero19,Darling in the FranXX,35849,6
Lean_nero19,Highschool of the Dead,8074,8
Lean_nero19,Goblin Slayer,37349,9
LeaOotori,Btooom!,14345,6
LeaOotori,Baka to Test to Shoukanjuu,6347,7
LeaOotori,Vampire Knight,3457,5
LeFlower-kun,Deadman Wonderland,6880,7
LeFlower-kun,C: The Money of Soul and Possibility Control,10163,7
LeFlower-kun,Black Bullet,20787,6
LegendAqua,Koutetsujou no Kabaneri,28623,8
LegendAqua,Re:Creators,34561,9
LegendAqua,Juuni Taisen,35076,7
LegendAqua,Darling in the FranXX,35849,8
LegendAqua,Goblin Slayer,37349,8
LegendAqua,Sword Art Online: Alicization,36474,8
LegendAqua,One Punch Man 2nd Season,34134,7
LegendAqua,Arifureta Shokugyou de Sekai Saikyou,36882,4
LegendAqua,Isekai wa Smartphone to Tomo ni.,35203,4
LegendAqua,Death March kara Hajimaru Isekai Kyousoukyoku,34497,5
LegendAqua,Himouto! Umaru-chan,28825,8
LegendAqua,Itazura na Kiss,3731,7
LegendAqua,Masamune-kun no Revenge,33487,7
LegendAqua,Eromanga-sensei,32901,6
LegendAqua,Gamers!,34280,7
LegendAqua,Shuffle!,79,8
LegendAqua,Kuzu no Honkai,32949,10
Lemony_Crisket,Darling in the FranXX,35849,7
Lemony_Crisket,Guilty Crown,10793,6
Lemony_Crisket,Sword Art Online: Alicization,36474,7
lensaamiranda,Rokka no Yuusha,28497,7
lensaamiranda,Koutetsujou no Kabaneri,28623,6
lensaamiranda,Kuzu no Honkai,32949,9
Leyren,Sword Art Online,11757,10
Leyren,Darling in the FranXX,35849,9
Leyren,Rakudai Kishi no Cavalry,30296,10
Leyren,Zero no Tsukaima,1195,8
lightningsnow,Highschool of the Dead,8074,9
lightningsnow,Accel World,11759,8
lightningsnow,Deadman Wonderland,6880,9
Lindle,Highschool of the Dead,8074,3
Lindle,Sword Art Online,11757,2
Lindle,Sword Art Online II,21881,3
LinkcarioX,Absolute Duo,25397,7
LinkcarioX,Black Bullet,20787,8
LinkcarioX,Baka to Test to Shoukanjuu,6347,9
Link_of_Hyrule,Fate/stay night,356,4
Link_of_Hyrule,Guilty Crown,10793,3
Link_of_Hyrule,Sword Art Online,11757,4
Link_of_Hyrule,Elfen Lied,226,5
Link_of_Hyrule,Black Bullet,20787,4
Link_of_Hyrule,Sword Art Online II,21881,3
Link_of_Hyrule,Akame ga Kill!,22199,3
Link_of_Hyrule,Tokyo Ghoul √A,27899,2
Liongirl90,Highschool of the Dead,8074,7
Liongirl90,Sword Art Online,11757,7
Liongirl90,B-gata H-kei,7817,6
LIQfilms,Black Bullet,20787,1
LIQfilms,Mahouka Koukou no Rettousei,20785,3
LIQfilms,IS: Infinite Stratos,9041,3
LIQfilms,Elfen Lied,226,2
LIQfilms,Sword Art Online II,21881,2
LIQfilms,Himouto! Umaru-chan,28825,4
LIQfilms,Eromanga-sensei,32901,2
LIQfilms,Kuzu no Honkai,32949,5
literaturenerd,Gantz,384,2
literaturenerd,Elfen Lied,226,10
literaturenerd,Sword Art Online,11757,4
literaturenerd,Highschool of the Dead,8074,2
literaturenerd,Zero no Tsukaima,1195,4
literaturenerd,Goblin Slayer,37349,2
literaturenerd,Akame ga Kill!,22199,2
literaturenerd,High School DxD,11617,5
literaturenerd,Shuffle!,79,6
literaturenerd,Eromanga-sensei,32901,2
lolistar92,Guilty Crown,10793,10
lolistar92,Aldnoah.Zero,22729,8
lolistar92,Akame ga Kill!,22199,6
Lolitroy,Guilty Crown,10793,5
Lolitroy,Tokyo Ghoul √A,27899,6
Lolitroy,Darling in the FranXX,35849,5
LordToine,Sword Art Online,11757,4
LordToine,Darling in the FranXX,35849,6
LordToine,One Punch Man 2nd Season,34134,5
Lord_Rutsah,Sword Art Online,11757,7
Lord_Rutsah,Sword Art Online II,21881,8
Lord_Rutsah,Rokka no Yuusha,28497,9
Lord_Rutsah,K,14467,6
lovevillain,Rakudai Kishi no Cavalry,30296,8
lovevillain,Sword Art Online,11757,8
lovevillain,Accel World,11759,4
lovevillain,Akame ga Kill!,22199,9
lovevillain,Black Bullet,20787,8
lovevillain,Guilty Crown,10793,7
LPGG-Necromant,Mahouka Koukou no Rettousei,20785,9
LPGG-Necromant,Darling in the FranXX,35849,9
LPGG-Necromant,Yosuga no Sora: In Solitude Where We Are Least Alone.,8861,7
LucidFilms,Highschool of the Dead,8074,9
LucidFilms,Deadman Wonderland,6880,6
LucidFilms,Baka to Test to Shoukanjuu,6347,9
LucidFilms,High School DxD,11617,8
magaiverix,Darling in the FranXX,35849,9
magaiverix,Sword Art Online II,21881,8
magaiverix,IS: Infinite Stratos,9041,8
magaiverix,Black Clover,34572,9
maha_amead,Guilty Crown,10793,7
maha_amead,Sword Art Online,11757,8
maha_amead,Tokyo Ghoul √A,27899,7
maha_amead,Mahouka Koukou no Rettousei,20785,7
MAND4,Sword Art Online,11757,4
MAND4,Black Bullet,20787,6
MAND4,Gamers!,34280,4
Manganese,Btooom!,14345,7
Manganese,High School DxD,11617,9
Manganese,Shuffle!,79,9
mapperky,Aldnoah.Zero,22729,8
mapperky,Sword Art Online II,21881,8
mapperky,Yosuga no Sora: In Solitude Where We Are Least Alone.,8861,10
Markezzo,Akame ga Kill!,22199,6
Markezzo,Tokyo Ghoul √A,27899,4
Markezzo,Rokka no Yuusha,28497,7
Master10K,Fate/stay night,356,9
Master10K,Shuffle!,79,9
Master10K,Itazura na Kiss,3731,8
mattkerr494,Sword Art Online,11757,2
mattkerr494,Sword Art Online II,21881,3
mattkerr494,Tokyo Ghoul √A,27899,5
Melonsoda1,Zero no Tsukaima,1195,6
Melonsoda1,High School DxD,11617,5
Melonsoda1,Kuzu no Honkai,32949,6
Meowsorz,Rokka no Yuusha,28497,7
Meowsorz,Juuni Taisen,35076,5
Meowsorz,Eromanga-sensei,32901,4
Mercsin,Accel World,11759,7
Mercsin,Btooom!,14345,9
Mercsin,Sword Art Online,11757,9
Mercsin,Zero no Tsukaima,1195,5
mercury1980,Sword Art Online,11757,3
mercury1980,Zero no Tsukaima,1195,4
mercury1980,Highschool of the Dead,8074,6
mercury1980,Btooom!,14345,5
mercury1980,Akame ga Kill!,22199,5
mercury1980,Absolute Duo,25397,2
mercury1980,Tokyo Ghoul √A,27899,4
mercury1980,Himouto! Umaru-chan,28825,6
Micsupreeme,Elfen Lied,226,8
Micsupreeme,Tokyo Ghoul √A,27899,5
Micsupreeme,High School DxD,11617,7
Midget_King,Elfen Lied,226,8
Midget_King,Accel World,11759,9
Midget_King,Guilty Crown,10793,9
Midget_King,Isekai wa Smartphone to Tomo ni.,35203,6
Mikame-,Deadman Wonderland,6880,8
Mikame-,Gantz,384,7
Mikame-,Shuffle!,79,8
mistah-manila,Elfen Lied,226,9
mistah-manila,Fate/stay night,356,8
mistah-manila,Zero no Tsukaima,1195,8
mistav,Rakudai Kishi no Cavalry,30296,4
mistav,K,14467,9
mistav,Gamers!,34280,4
mkzxwing,Guilty Crown,10793,3
mkzxwing,C: The Money of Soul and Possibility Control,10163,9
mkzxwing,Juuni Taisen,35076,5
mkzxwing,Yosuga no Sora: In Solitude Where We Are Least Alone.,8861,7
MMA1995,Sword Art Online,11757,3
MMA1995,Sword Art Online II,21881,3
MMA1995,Rakudai Kishi no Cavalry,30296,4
MMA1995,High School DxD,11617,3
moondragon84,Sword Art Online,11757,4
moondragon84,Sword Art Online II,21881,4
moondragon84,Mahouka Koukou no Rettousei,20785,1
moonkingdomify,Elfen Lied,226,6
moonkingdomify,Sword Art Online,11757,7
moonkingdomify,Shuffle!,79,7
MoonPurinsesu,Blood-C,10490,7
MoonPurinsesu,Sword Art Online,11757,7
MoonPurinsesu,Sword Art Online II,21881,9
Morridine,C: The Money of Soul and Possibility Control,10163,10
Morridine,Blood-C,10490,8
Morridine,Sword Art Online,11757,3
Morridine,Gantz,384,10
Morridine,Sword Art Online II,21881,8
MossyPlanks,Accel World,11759,4
MossyPlanks,Sword Art Online,11757,6
MossyPlanks,Sword Art Online II,21881,6
mouthpiece,Btooom!,14345,3
mouthpiece,K,14467,4
mouthpiece,Accel World,11759,4
mouthpiece,Sword Art Online,11757,3
MozillaFennekin,Rakudai Kishi no Cavalry,30296,3
MozillaFennekin,Koutetsujou no Kabaneri,28623,5
MozillaFennekin,Goblin Slayer,37349,7
MozillaFennekin,Masamune-kun no Revenge,33487,2
mrsKWON,Highschool of the Dead,8074,9
mrsKWON,Gantz,384,5
mrsKWON,Blood-C,10490,8
mrsKWON,Guilty Crown,10793,7
mrsKWON,Sword Art Online,11757,8
mrsKWON,K,14467,8
mrsKWON,B-gata H-kei,7817,6
mrsKWON,Baka to Test to Shoukanjuu,6347,7
mrsKWON,Vampire Knight,3457,7
MScientist0,Akame ga Kill!,22199,8
MScientist0,Elfen Lied,226,8
MScientist0,Goblin Slayer,37349,8
Mugen900,Highschool of the Dead,8074,6
Mugen900,Sword Art Online II,21881,6
Mugen900,Yosuga no Sora: In Solitude Where We Are Least Alone.,8861,8
murut87,Tokyo Ghoul √A,27899,4
murut87,Koutetsujou no Kabaneri,28623,4
murut87,Guilty Crown,10793,3
murut87,One Punch Man 2nd Season,34134,3
murut87,Himouto! Umaru-chan,28825,5
murut87,Eromanga-sensei,32901,5
mvhcmaniac,Gantz,384,2
mvhcmaniac,Death March kara Hajimaru Isekai Kyousoukyoku,34497,3
mvhcmaniac,Isekai wa Smartphone to Tomo ni.,35203,7
MykeJinX89,Sword Art Online,11757,1
MykeJinX89,Accel World,11759,5
MykeJinX89,Sword Art Online II,21881,1
MysticGod,Guilty Crown,10793,9
MysticGod,Deadman Wonderland,6880,7
MysticGod,Black Clover,34572,10
MysticGod,High School DxD,11617,10
NabilAl-Muhammad,Highschool of the Dead,8074,8
NabilAl-Muhammad,Tokyo Ghoul √A,27899,8
NabilAl-Muhammad,Elfen Lied,226,8
NaMYAYA,Goblin Slayer,37349,3
NaMYAYA,Highschool of the Dead,8074,4
NaMYAYA,One Punch Man 2nd Season,34134,3
nanakox21,Koutetsujou no Kabaneri,28623,8
nanakox21,Masamune-kun no Revenge,33487,6
nanakox21,Eromanga-sensei,32901,7
nanakox21,B-gata H-kei,7817,7
NaraClan,Sword Art Online,11757,5
NaraClan,Akame ga Kill!,22199,6
NaraClan,Rokka no Yuusha,28497,9
Narumi01,Sword Art Online,11757,9
Narumi01,Sword Art Online II,21881,10
Narumi01,Arifureta Shokugyou de Sekai Saikyou,36882,9
Nasty001,IS: Infinite Stratos,9041,7
Nasty001,Deadman Wonderland,6880,3
Nasty001,Blood-C,10490,7
Nasty001,Accel World,11759,6
Nasty001,Btooom!,14345,6
Nasty001,Sword Art Online,11757,6
Nasty001,Mahouka Koukou no Rettousei,20785,3
Nasty001,High School DxD,11617,6
Nateal,Accel World,11759,8
Nateal,Fate/stay night,356,6
Nateal,Sword Art Online,11757,7
Nateal,Zero no Tsukaima,1195,5
Nerd_Zone1,Rakudai Kishi no Cavalry,30296,7
Nerd_Zone1,Black Clover,34572,5
Nerd_Zone1,Darling in the FranXX,35849,5
Nerd_Zone1,Gamers!,34280,6
NeverKnowsBest26,Gantz,384,6
NeverKnowsBest26,Elfen Lied,226,7
NeverKnowsBest26,Blood-C,10490,4
NeverKnowsBest26,C: The Money of Soul and Possibility Control,10163,6
NeverKnowsBest26,Guilty Crown,10793,4
NeverKnowsBest26,Deadman Wonderland,6880,5
NeverKnowsBest26,B-gata H-kei,7817,4
NoizyFrog,Re:Creators,34561,4
NoizyFrog,Darling in the FranXX,35849,3
NoizyFrog,Goblin Slayer,37349,3
NoizyFrog,Sword Art Online: Alicization,36474,2
nokinoks,Rakudai Kishi no Cavalry,30296,7
nokinoks,Rokka no Yuusha,28497,8
nokinoks,Akame ga Kill!,22199,5
nonameacquired,Sword Art Online,11757,4
nonameacquired,Darling in the FranXX,35849,8
nonameacquired,Himouto! Umaru-chan,28825,6
OddOtaku,Akame ga Kill!,22199,9
OddOtaku,Darling in the FranXX,35849,9
OddOtaku,Deadman Wonderland,6880,5
OddOtaku,Sword Art Online,11757,4
Oktamere,Sword Art Online,11757,10
Oktamere,Accel World,11759,9
Oktamere,Rokka no Yuusha,28497,7
Old_Deus,Sword Art Online,11757,9
Old_Deus,Accel World,11759,9
Old_Deus,Guilty Crown,10793,9
Old_Deus,High School DxD,11617,8
OVERPOWERED99,Guilty Crown,10793,7
OVERPOWERED99,Akame ga Kill!,22199,7
OVERPOWERED99,Tokyo Ghoul √A,27899,5
OVERPOWERED99,Darling in the FranXX,35849,7
OVERPOWERED99,Gamers!,34280,6
OVERPOWERED99,High School DxD,11617,6
PakiUSA,Aldnoah.Zero,22729,3
PakiUSA,Akame ga Kill!,22199,5
PakiUSA,Black Bullet,20787,5
PakiUSA,C: The Money of Soul and Possibility Control,10163,6
PakiUSA,Rakudai Kishi no Cavalry,30296,8
PakiUSA,Gamers!,34280,8
panderson1988,Re:Creators,34561,8
panderson1988,Darling in the FranXX,35849,8
panderson1988,Black Clover,34572,7
PapaRonny,Highschool of the Dead,8074,4
PapaRonny,Isekai wa Smartphone to Tomo ni.,35203,1
PapaRonny,Eromanga-sensei,32901,3
PapaRonny,Himouto! Umaru-chan,28825,3
papsoshea,Goblin Slayer,37349,2
papsoshea,Sword Art Online: Alicization,36474,8
papsoshea,Kenja no Mago,36407,5
papsoshea,One Punch Man 2nd Season,34134,10
PeterFromRussia,One Punch Man 2nd Season,34134,8
PeterFromRussia,Sword Art Online,11757,5
PeterFromRussia,Akame ga Kill!,22199,7
PeterFromRussia,High School DxD,11617,7
PhoenixKola,Darling in the FranXX,35849,9
PhoenixKola,Goblin Slayer,37349,9
PhoenixKola,Sword Art Online,11757,9
PhoenixKola,Eromanga-sensei,32901,7
Pipe,Re:Creators,34561,8
Pipe,Juuni Taisen,35076,7
Pipe,One Punch Man 2nd Season,34134,3
Pipe,Gamers!,34280,8
Pipe,Eromanga-sensei,32901,4
PixEFit,Juuni Taisen,35076,7
PixEFit,Darling in the FranXX,35849,3
PixEFit,Death March kara Hajimaru Isekai Kyousoukyoku,34497,4
PixlReality,Highschool of the Dead,8074,8
PixlReality,Sword Art Online II,21881,9
PixlReality,Zero no Tsukaima,1195,7
PixlReality,Himouto! Umaru-chan,28825,7
portal3trollin,Accel World,11759,5
portal3trollin,Akame ga Kill!,22199,6
portal3trollin,Black Bullet,20787,4
portal3trollin,Deadman Wonderland,6880,8
PowerUpOrDie,C: The Money of Soul and Possibility Control,10163,6
PowerUpOrDie,Re:Creators,34561,7
PowerUpOrDie,Gamers!,34280,7
PrinceDragonis,Absolute Duo,25397,7
PrinceDragonis,Guilty Crown,10793,8
PrinceDragonis,High School DxD,11617,8
Prind,Accel World,11759,8
Prind,IS: Infinite Stratos,9041,7
Prind,Btooom!,14345,8
Prind,Sword Art Online,11757,10
PsyChoticMonk,High School DxD,11617,1
PsyChoticMonk,Shuffle!,79,1
PsyChoticMonk,B-gata H-kei,7817,1
puvijain,Highschool of the Dead,8074,5
puvijain,Btooom!,14345,7
puvijain,K,14467,6
Pvt_Diny,Zero no Tsukaima,1195,8
Pvt_Diny,Rakudai Kishi no Cavalry,30296,8
Pvt_Diny,Re:Creators,34561,9
PyraXadon,Sword Art Online,11757,8
PyraXadon,IS: Infinite Stratos,9041,6
PyraXadon,Black Bullet,20787,6
PyraXadon,Mahouka Koukou no Rettousei,20785,6
PyraXadon,Sword Art Online II,21881,8
PyraXadon,Absolute Duo,25397,6
PyraXadon,Rakudai Kishi no Cavalry,30296,5
PyraXadon,Juuni Taisen,35076,4
PyraXadon,Sword Art Online: Alicization,36474,7
PyraXadon,One Punch Man 2nd Season,34134,5
PyraXadon,Arifureta Shokugyou de Sekai Saikyou,36882,4
PyraXadon,Baka to Test to Shoukanjuu,6347,8
PyraXadon,Himouto! Umaru-chan,28825,7
PyraXadon,Masamune-kun no Revenge,33487,6
PyraXadon,Eromanga-sensei,32901,5
PyraXadon,Gamers!,34280,6
PyraXadon,Yosuga no Sora: In Solitude Where We Are Least Alone.,8861,5
PyraXadon,Kuzu no Honkai,32949,7
QuentinHahn,Aldnoah.Zero,22729,8
QuentinHahn,Rokka no Yuusha,28497,8
QuentinHahn,Himouto! Umaru-chan,28825,8
Rabb2t,Guilty Crown,10793,7
Rabb2t,Fate/stay night,356,8
Rabb2t,Sword Art Online: Alicization,36474,8
Rabb2t,Eromanga-sensei,32901,7
Raggadish,Juuni Taisen,35076,8
Raggadish,Fate/Apocrypha,34662,5
Raggadish,Kenja no Mago,36407,2
Raggadish,Kuzu no Honkai,32949,6
ragiolow,Darling in the FranXX,35849,4
ragiolow,One Punch Man 2nd Season,34134,6
ragiolow,Kenja no Mago,36407,3
ragiolow,Arifureta Shokugyou de Sekai Saikyou,36882,3
RainbowSlowmo,IS: Infinite Stratos,9041,7
RainbowSlowmo,Rakudai Kishi no Cavalry,30296,10
RainbowSlowmo,Zero no Tsukaima,1195,8
RainbowSlowmo,Highschool of the Dead,8074,9
RainbowSlowmo,Masamune-kun no Revenge,33487,8
RakkaBaka,Accel World,11759,9
RakkaBaka,Darling in the FranXX,35849,6
RakkaBaka,Death March kara Hajimaru Isekai Kyousoukyoku,34497,1
ratchet573,Sword Art Online II,21881,5
ratchet573,Aldnoah.Zero,22729,6
ratchet573,Sword Art Online,11757,4
ratchet573,Deadman Wonderland,6880,5
ratchet573,Elfen Lied,226,6
ratchet573,High School DxD,11617,7
ratchet573,B-gata H-kei,7817,3
ratchet573,Baka to Test to Shoukanjuu,6347,7
Rayner_Subaru,Akame ga Kill!,22199,6
Rayner_Subaru,Re:Creators,34561,7
Rayner_Subaru,Gamers!,34280,7
Rayouri,Sword Art Online,11757,4
Rayouri,Aldnoah.Zero,22729,4
Rayouri,High School DxD,11617,7
Rayyken,Sword Art Online,11757,3
Rayyken,Deadman Wonderland,6880,5
Rayyken,K,14467,9
rdeyoung8,Akame ga Kill!,22199,7
rdeyoung8,Guilty Crown,10793,6
rdeyoung8,Mahouka Koukou no Rettousei,20785,3
RebelPanda,Juuni Taisen,35076,8
RebelPanda,Darling in the FranXX,35849,1
RebelPanda,One Punch Man 2nd Season,34134,3
RebelPanda,Kenja no Mago,36407,1
Reconceptions,Dragon Ball Super,30694,9
Reconceptions,Sword Art Online,11757,7
Reconceptions,Absolute Duo,25397,9
Reconceptions,High School DxD,11617,8
RedBloodFoxHound,Sword Art Online,11757,3
RedBloodFoxHound,Akame ga Kill!,22199,8
RedBloodFoxHound,Sword Art Online II,21881,5
red_888,Elfen Lied,226,9
red_888,Yosuga no Sora: In Solitude Where We Are Least Alone.,8861,8
red_888,Vampire Knight,3457,8
ReezeTheVampire,Sword Art Online,11757,8
ReezeTheVampire,Fate/Apocrypha,34662,3
ReezeTheVampire,Baka to Test to Shoukanjuu,6347,7
renyrells,Darling in the FranXX,35849,3
renyrells,Goblin Slayer,37349,7
renyrells,Eromanga-sensei,32901,1
ReskN,Elfen Lied,226,3
ReskN,Koutetsujou no Kabaneri,28623,5
ReskN,Sword Art Online,11757,4
ReskN,Deadman Wonderland,6880,5
ReskN,Guilty Crown,10793,4
ReskN,Btooom!,14345,5
Resuki,Guilty Crown,10793,8
Resuki,Sword Art Online,11757,8
Resuki,Vampire Knight,3457,8
rheat,Aldnoah.Zero,22729,7
rheat,Goblin Slayer,37349,8
rheat,Death March kara Hajimaru Isekai Kyousoukyoku,34497,9
Rizkiawan-kun,Btooom!,14345,7
Rizkiawan-kun,Deadman Wonderland,6880,8
Rizkiawan-kun,Akame ga Kill!,22199,8
Rizkiawan-kun,Himouto! Umaru-chan,28825,8
rkuci,Highschool of the Dead,8074,6
rkuci,Isekai wa Smartphone to Tomo ni.,35203,5
rkuci,B-gata H-kei,7817,7
robert788,Kenja no Mago,36407,5
robert788,Darling in the FranXX,35849,10
robert788,Black Bullet,20787,8
robert788,Arifureta Shokugyou de Sekai Saikyou,36882,7
robert788,Rakudai Kishi no Cavalry,30296,8
robert788,Koutetsujou no Kabaneri,28623,9
robert788,Isekai wa Smartphone to Tomo ni.,35203,10
robert788,Baka to Test to Shoukanjuu,6347,9
rockstar_21,IS: Infinite Stratos,9041,7
rockstar_21,High School DxD,11617,7
rockstar_21,Shuffle!,79,9
RyanSpring,Highschool of the Dead,8074,9
RyanSpring,Deadman Wonderland,6880,4
RyanSpring,Guilty Crown,10793,8
RyanSpring,Fate/stay night,356,6
RyanSpring,Elfen Lied,226,9
RyanSpring,Akame ga Kill!,22199,7
Ryuseishun,Sword Art Online,11757,7
Ryuseishun,Sword Art Online II,21881,7
Ryuseishun,Darling in the FranXX,35849,8
Ryuseishun,Kenja no Mago,36407,1
Ryuseishun,One Punch Man 2nd Season,34134,4
SaiD90,Sword Art Online,11757,10
SaiD90,Akame ga Kill!,22199,10
SaiD90,Btooom!,14345,7
saiyan_og,Sword Art Online,11757,6
saiyan_og,Sword Art Online II,21881,7
saiyan_og,Akame ga Kill!,22199,8
Sakurai_Aoi,Highschool of the Dead,8074,9
Sakurai_Aoi,Juuni Taisen,35076,9
Sakurai_Aoi,Goblin Slayer,37349,9
samjjms,IS: Infinite Stratos,9041,6
samjjms,Rakudai Kishi no Cavalry,30296,4
samjjms,Zero no Tsukaima,1195,4
samjjms,Yosuga no Sora: In Solitude Where We Are Least Alone.,8861,7
samuel_sfx,Highschool of the Dead,8074,9
samuel_sfx,Koutetsujou no Kabaneri,28623,9
samuel_sfx,Sword Art Online II,21881,9
Samurigarr,Guilty Crown,10793,8
Samurigarr,Sword Art Online,11757,10
Samurigarr,Btooom!,14345,8
Samurigarr,Sword Art Online II,21881,8
Savepoints,Elfen Lied,226,5
Savepoints,Guilty Crown,10793,8
Savepoints,Deadman Wonderland,6880,6
Savepoints,Sword Art Online,11757,9
segfaulT_T,Akame ga Kill!,22199,3
segfaulT_T,Sword Art Online,11757,7
segfaulT_T,Sword Art Online II,21881,6
segfaulT_T,Black Bullet,20787,4
segfaulT_T,Koutetsujou no Kabaneri,28623,6
segfaulT_T,Elfen Lied,226,7
Seidai,Fate/stay night,356,7
Seidai,Guilty Crown,10793,7
Seidai,Mahouka Koukou no Rettousei,20785,8
Seidai,Rakudai Kishi no Cavalry,30296,7
Seidai,Sword Art Online,11757,7
Seidai,Sword Art Online II,21881,7
Seidai,Tokyo Ghoul √A,27899,7
Seidai,B-gata H-kei,7817,6
Seidai,Masamune-kun no Revenge,33487,6
SentiOnikawa,Akame ga Kill!,22199,3
SentiOnikawa,Re:Creators,34561,5
SentiOnikawa,Sword Art Online: Alicization,36474,3
Sephiroth1335,Elfen Lied,226,8
Sephiroth1335,Sword Art Online,11757,6
Sephiroth1335,Fate/Apocrypha,34662,9
sepid_96,Sword Art Online: Alicization,36474,8
sepid_96,Goblin Slayer,37349,6
sepid_96,Black Bullet,20787,6
ShadowBlazer3000,Elfen Lied,226,2
ShadowBlazer3000,Sword Art Online,11757,2
ShadowBlazer3000,Kuzu no Honkai,32949,3
ShamelessCritics,Absolute Duo,25397,4
ShamelessCritics,Accel World,11759,5
ShamelessCritics,Baka to Test to Shoukanjuu,6347,6
SheBPadfoot,Highschool of the Dead,8074,6
SheBPadfoot,Shuffle!,79,7
SheBPadfoot,Baka to Test to Shoukanjuu,6347,7
Shingster,Re:Creators,34561,10
Shingster,Juuni Taisen,35076,10
Shingster,Fate/Apocrypha,34662,10
Shingster,Darling in the FranXX,35849,9
Shingster,Goblin Slayer,37349,8
Shingster,Isekai wa Smartphone to Tomo ni.,35203,6
Shingster,Death March kara Hajimaru Isekai Kyousoukyoku,34497,7
Shingster,Masamune-kun no Revenge,33487,10
Shiraishiku,Re:Creators,34561,3
Shiraishiku,Boruto: Naruto Next Generations,34566,3
Shiraishiku,Darling in the FranXX,35849,3
Shiraishiku,Gamers!,34280,2
ShukugawaMeguri,Sword Art Online: Alicization,36474,6
ShukugawaMeguri,Goblin Slayer,37349,10
ShukugawaMeguri,Kenja no Mago,36407,2
ShySorcerer,Rakudai Kishi no Cavalry,30296,7
ShySorcerer,Rokka no Yuusha,28497,5
ShySorcerer,Akame ga Kill!,22199,4
ShySorcerer,Masamune-kun no Revenge,33487,7
Simonian,Elfen Lied,226,9
Simonian,Fate/stay night,356,8
Simonian,Shuffle!,79,9
Simonian,Itazura na Kiss,3731,2
Simonian,Baka to Test to Shoukanjuu,6347,7
Simonian,Yosuga no Sora: In Solitude Where We Are Least Alone.,8861,9
Skadummy,Gantz,384,10
Skadummy,Fate/stay night,356,9
Skadummy,Sword Art Online,11757,9
Slade-VonParade,Akame ga Kill!,22199,8
Slade-VonParade,Deadman Wonderland,6880,7
Slade-VonParade,Btooom!,14345,5
Slade-VonParade,Elfen Lied,226,9
Slade-VonParade,C: The Money of Soul and Possibility Control,10163,9
Slade-VonParade,Gantz,384,8
Slade-VonParade,Goblin Slayer,37349,7
Slade-VonParade,Highschool of the Dead,8074,5
Slade-VonParade,High School DxD,11617,7
SmokyChip,Re:Creators,34561,8
SmokyChip,Isekai wa Smartphone to Tomo ni.,35203,5
SmokyChip,Masamune-kun no Revenge,33487,6
SmokyChip,Gamers!,34280,6
Snakeskins,Highschool of the Dead,8074,9
Snakeskins,Shuffle!,79,8
Snakeskins,High School DxD,11617,10
Snakeskins,Itazura na Kiss,3731,8
Snapshot426,Juuni Taisen,35076,7
Snapshot426,Darling in the FranXX,35849,7
Snapshot426,Goblin Slayer,37349,7
Snapshot426,One Punch Man 2nd Season,34134,6
Snapshot426,Arifureta Shokugyou de Sekai Saikyou,36882,3
Social_Elitist,Aldnoah.Zero,22729,3
Social_Elitist,Black Bullet,20787,3
Social_Elitist,K,14467,5
Social_Elitist,Mahouka Koukou no Rettousei,20785,3
Social_Elitist,Sword Art Online II,21881,4
Social_Elitist,Akame ga Kill!,22199,4
Social_Elitist,Koutetsujou no Kabaneri,28623,4
Social_Elitist,Darling in the FranXX,35849,5
SongstressSL,Akame ga Kill!,22199,7
SongstressSL,Black Bullet,20787,8
SongstressSL,Eromanga-sensei,32901,7
SovietPsycho,Zero no Tsukaima,1195,10
SovietPsycho,Highschool of the Dead,8074,7
SovietPsycho,B-gata H-kei,7817,9
Sparkyt3hMadman,Elfen Lied,226,7
Sparkyt3hMadman,Sword Art Online,11757,9
Sparkyt3hMadman,Highschool of the Dead,8074,7
Splitter,Elfen Lied,226,8
Splitter,Fate/stay night,356,6
Splitter,Zero no Tsukaima,1195,3
Splitter,Shuffle!,79,6
SSJ_Lupin,Mahouka Koukou no Rettousei,20785,9
SSJ_Lupin,Akame ga Kill!,22199,7
SSJ_Lupin,B-gata H-kei,7817,8
Stark700,Accel World,11759,8
Stark700,Btooom!,14345,7
Stark700,Sword Art Online,11757,6
Stark700,K,14467,5
Stark700,Black Bullet,20787,4
Stark700,Aldnoah.Zero,22729,7
Stark700,Akame ga Kill!,22199,5
Stark700,Sword Art Online II,21881,6
Stark700,Mahouka Koukou no Rettousei,20785,4
Stark700,Tokyo Ghoul √A,27899,7
Stark700,Rokka no Yuusha,28497,8
Stark700,Koutetsujou no Kabaneri,28623,5
Stark700,Re:Creators,34561,5
Stark700,Juuni Taisen,35076,5
Stark700,Fate/Apocrypha,34662,4
Stark700,Darling in the FranXX,35849,5
Stark700,Goblin Slayer,37349,4
Stark700,Sword Art Online: Alicization,36474,8
Stark700,Kenja no Mago,36407,3
Stark700,One Punch Man 2nd Season,34134,4
Stark700,Arifureta Shokugyou de Sekai Saikyou,36882,2
Stark700,Death March kara Hajimaru Isekai Kyousoukyoku,34497,2
Stark700,High School DxD,11617,8
Stark700,Himouto! Umaru-chan,28825,8
Stark700,Masamune-kun no Revenge,33487,4
Stark700,Gamers!,34280,5
Stark700,Kuzu no Honkai,32949,6
STROKEMEFASTR,Deadman Wonderland,6880,6
STROKEMEFASTR,Darling in the FranXX,35849,9
STROKEMEFASTR,Isekai wa Smartphone to Tomo ni.,35203,9
Subxaero,Aldnoah.Zero,22729,6
Subxaero,Mahouka Koukou no Rettousei,20785,8
Subxaero,Rakudai Kishi no Cavalry,30296,8
SuccHunter,Btooom!,14345,3
SuccHunter,Guilty Crown,10793,4
SuccHunter,Elfen Lied,226,3
SuccHunter,Rokka no Yuusha,28497,5
summerstar103,Fate/stay night,356,7
summerstar103,Sword Art Online,11757,6
summerstar103,Fate/Apocrypha,34662,7
SunlitSonata,Sword Art Online,11757,6
SunlitSonata,Guilty Crown,10793,4
SunlitSonata,Sword Art Online II,21881,5
SunlitSonata,Mahouka Koukou no Rettousei,20785,2
SunlitSonata,Fate/Apocrypha,34662,4
SunlitSonata,Sword Art Online: Alicization,36474,4
Supersam1492,Mahouka Koukou no Rettousei,20785,5
Supersam1492,Darling in the FranXX,35849,5
Supersam1492,Eromanga-sensei,32901,5
SuperX7,Sword Art Online II,21881,6
SuperX7,Darling in the FranXX,35849,4
SuperX7,High School DxD,11617,3
suprasaiyajim,Btooom!,14345,7
suprasaiyajim,K,14467,8
suprasaiyajim,Accel World,11759,7
sushiisawesome,Mahouka Koukou no Rettousei,20785,1
sushiisawesome,Rakudai Kishi no Cavalry,30296,3
sushiisawesome,Eromanga-sensei,32901,2
Swaheelee,Rakudai Kishi no Cavalry,30296,9
Swaheelee,Fate/Apocrypha,34662,9
Swaheelee,Shuffle!,79,7
swiftjusticee,Zero no Tsukaima,1195,9
swiftjusticee,Highschool of the Dead,8074,9
swiftjusticee,Sword Art Online,11757,9
swordfish1390,Elfen Lied,226,3
swordfish1390,Sword Art Online,11757,3
swordfish1390,Gantz,384,3
Taifood,IS: Infinite Stratos,9041,3
Taifood,Isekai wa Smartphone to Tomo ni.,35203,1
Taifood,Gamers!,34280,7
TakamakiJoker,Zero no Tsukaima,1195,6
TakamakiJoker,Re:Creators,34561,7
TakamakiJoker,Darling in the FranXX,35849,1
TakamakiJoker,Tokyo Ghoul √A,27899,3
TakamakiJoker,Goblin Slayer,37349,2
TakamakiJoker,Guilty Crown,10793,4
TakamakiJoker,Kenja no Mago,36407,2
TakamakiJoker,Eromanga-sensei,32901,1
Talonic,Guilty Crown,10793,8
Talonic,Deadman Wonderland,6880,9
Talonic,Baka to Test to Shoukanjuu,6347,9
teagon,Sword Art Online II,21881,6
teagon,Eromanga-sensei,32901,3
teagon,Kuzu no Honkai,32949,5
Temere,Guilty Crown,10793,6
Temere,Gantz,384,5
Temere,Zero no Tsukaima,1195,5
Temere,Shuffle!,79,6
TheBrainintheJar,Sword Art Online,11757,5
TheBrainintheJar,Btooom!,14345,3
TheBrainintheJar,Deadman Wonderland,6880,4
TheBrainintheJar,High School DxD,11617,5
thec0re3,Black Clover,34572,7
thec0re3,Dragon Ball Super,30694,7
thec0re3,Darling in the FranXX,35849,9
thec0re3,One Punch Man 2nd Season,34134,8
TheDeedsOfMen,Sword Art Online,11757,2
TheDeedsOfMen,Sword Art Online II,21881,4
TheDeedsOfMen,Sword Art Online: Alicization,36474,3
TheDeedsOfMen,Arifureta Shokugyou de Sekai Saikyou,36882,2
TheGeniusBaka,Sword Art Online,11757,7
TheGeniusBaka,Rakudai Kishi no Cavalry,30296,8
TheGeniusBaka,Baka to Test to Shoukanjuu,6347,10
TheHonestThief,Highschool of the Dead,8074,9
TheHonestThief,Mahouka Koukou no Rettousei,20785,9
TheHonestThief,High School DxD,11617,5
TheLegendOfDan,Elfen Lied,226,2
TheLegendOfDan,Death March kara Hajimaru Isekai Kyousoukyoku,34497,1
TheLegendOfDan,Isekai wa Smartphone to Tomo ni.,35203,1
TheLegendOfDan,Vampire Knight,3457,3
TheLlama,Elfen Lied,226,8
TheLlama,Baka to Test to Shoukanjuu,6347,7
TheLlama,Vampire Knight,3457,8
TheMaverickk,Aldnoah.Zero,22729,6
TheMaverickk,Darling in the FranXX,35849,8
TheMaverickk,Sword Art Online: Alicization,36474,6
themegamancave,Sword Art Online,11757,4
themegamancave,Sword Art Online II,21881,4
themegamancave,Deadman Wonderland,6880,5
themegamancave,Koutetsujou no Kabaneri,28623,3
themegamancave,Absolute Duo,25397,2
themegamancave,Masamune-kun no Revenge,33487,5
themegamancave,Eromanga-sensei,32901,1
themegamancave,Kuzu no Honkai,32949,5
TheRedLine,Accel World,11759,7
TheRedLine,Black Bullet,20787,6
TheRedLine,IS: Infinite Stratos,9041,1
TheRedLine,Darling in the FranXX,35849,2
TheRedLine,Kenja no Mago,36407,4
TheRedLine,Death March kara Hajimaru Isekai Kyousoukyoku,34497,3
thxbookthief,Sword Art Online,11757,2
thxbookthief,Guilty Crown,10793,5
thxbookthief,Koutetsujou no Kabaneri,28623,3
tidoesstuff,Aldnoah.Zero,22729,5
tidoesstuff,Darling in the FranXX,35849,7
tidoesstuff,Masamune-kun no Revenge,33487,6
TikiTDO,Sword Art Online II,21881,10
TikiTDO,Rakudai Kishi no Cavalry,30296,8
TikiTDO,Re:Creators,34561,10
TikiTDO,Isekai wa Smartphone to Tomo ni.,35203,1
Timz0r,Darling in the FranXX,35849,5
Timz0r,Goblin Slayer,37349,2
Timz0r,Elfen Lied,226,9
Timz0r,Isekai wa Smartphone to Tomo ni.,35203,3
tlato_but,Darling in the FranXX,35849,10
tlato_but,Goblin Slayer,37349,6
tlato_but,Sword Art Online: Alicization,36474,10
ToastytheBaker,Btooom!,14345,8
ToastytheBaker,Black Bullet,20787,7
ToastytheBaker,Akame ga Kill!,22199,8
TokyoSanchez,Aldnoah.Zero,22729,4
TokyoSanchez,Rakudai Kishi no Cavalry,30296,6
TokyoSanchez,B-gata H-kei,7817,6
TomoyasaI,Darling in the FranXX,35849,8
TomoyasaI,Masamune-kun no Revenge,33487,8
TomoyasaI,Kuzu no Honkai,32949,8
torrapamii,Mahouka Koukou no Rettousei,20785,10
torrapamii,Btooom!,14345,8
torrapamii,Absolute Duo,25397,6
torrapamii,Baka to Test to Shoukanjuu,6347,9
ToshibaKenichi,Zero no Tsukaima,1195,8
ToshibaKenichi,Akame ga Kill!,22199,7
ToshibaKenichi,Deadman Wonderland,6880,7
ToshibaKenichi,Aldnoah.Zero,22729,8
ToshiKata,Koutetsujou no Kabaneri,28623,8
ToshiKata,Black Bullet,20787,7
ToshiKata,Tokyo Ghoul √A,27899,6
tothebirds,Sword Art Online,11757,5
tothebirds,Darling in the FranXX,35849,10
tothebirds,Gamers!,34280,10
Toucanbird,Accel World,11759,7
Toucanbird,Sword Art Online,11757,8
Toucanbird,K,14467,6
Tyrannicswine117,Sword Art Online,11757,8
Tyrannicswine117,Sword Art Online II,21881,8
Tyrannicswine117,Highschool of the Dead,8074,7
Tyrannicswine117,Gantz,384,6
Tyrannicswine117,IS: Infinite Stratos,9041,7
Tyrannicswine117,Elfen Lied,226,7
Tyrannicswine117,Tokyo Ghoul √A,27899,6
Tyrannicswine117,Re:Creators,34561,9
Tyrannicswine117,Isekai wa Smartphone to Tomo ni.,35203,3
Tyrannicswine117,Masamune-kun no Revenge,33487,6
Tyrannicswine117,Shuffle!,79,8
Tyrannicswine117,High School DxD,11617,9
Tyrannicswine117,Baka to Test to Shoukanjuu,6347,8
Tyrannicswine117,Eromanga-sensei,32901,4
Tyrannicswine117,Gamers!,34280,7
Tyrannicswine117,Kuzu no Honkai,32949,8
Tyrannicswine117,Yosuga no Sora: In Solitude Where We Are Least Alone.,8861,3
UltraDoom,Aldnoah.Zero,22729,7
UltraDoom,Black Bullet,20787,8
UltraDoom,Koutetsujou no Kabaneri,28623,6
UltraDoom,Darling in the FranXX,35849,10
Unamo31,Deadman Wonderland,6880,9
Unamo31,Sword Art Online,11757,7
Unamo31,Vampire Knight,3457,8
unashamedwobbs,Mahouka Koukou no Rettousei,20785,4
unashamedwobbs,Accel World,11759,7
unashamedwobbs,Guilty Crown,10793,6
UnknownAK,Sword Art Online,11757,10
UnknownAK,Sword Art Online II,21881,8
UnknownAK,Yosuga no Sora: In Solitude Where We Are Least Alone.,8861,7
UponAShallowBay,Blood-C,10490,8
UponAShallowBay,Black Bullet,20787,9
UponAShallowBay,Mahouka Koukou no Rettousei,20785,10
Utsusemi1,Akame ga Kill!,22199,6
Utsusemi1,Guilty Crown,10793,7
Utsusemi1,Itazura na Kiss,3731,7
V4mpyr,Highschool of the Dead,8074,9
V4mpyr,Mahouka Koukou no Rettousei,20785,8
V4mpyr,Darling in the FranXX,35849,7
Verdigris6,K,14467,9
Verdigris6,Sword Art Online,11757,6
Verdigris6,Juuni Taisen,35076,8
Veronin,Sword Art Online II,21881,4
Veronin,Goblin Slayer,37349,5
Veronin,Eromanga-sensei,32901,3
Veronin,Kuzu no Honkai,32949,6
Verria-Nichole,Aldnoah.Zero,22729,8
Verria-Nichole,Akame ga Kill!,22199,8
Verria-Nichole,Rokka no Yuusha,28497,7
Verria-Nichole,Masamune-kun no Revenge,33487,8
vince1996,Sword Art Online,11757,7
vince1996,Sword Art Online II,21881,8
vince1996,Absolute Duo,25397,7
VioleGrace107,Juuni Taisen,35076,5
VioleGrace107,Fate/Apocrypha,34662,4
VioleGrace107,Darling in the FranXX,35849,5
VioleGrace107,Arifureta Shokugyou de Sekai Saikyou,36882,1
VirtusSignum,IS: Infinite Stratos,9041,5
VirtusSignum,Shuffle!,79,4
VirtusSignum,High School DxD,11617,10
Visceras,Akame ga Kill!,22199,6
Visceras,Elfen Lied,226,8
Visceras,Sword Art Online,11757,7
Visceras,Aldnoah.Zero,22729,7
Visceras,Fate/stay night,356,7
Visceras,Yosuga no Sora: In Solitude Where We Are Least Alone.,8861,7
Volix,IS: Infinite Stratos,9041,9
Volix,Guilty Crown,10793,4
Volix,Yosuga no Sora: In Solitude Where We Are Least Alone.,8861,8
Volvagia,Rakudai Kishi no Cavalry,30296,8
Volvagia,Goblin Slayer,37349,6
Volvagia,One Punch Man 2nd Season,34134,6
Volvagia,Kenja no Mago,36407,5
Waffle_Empress,Sword Art Online,11757,3
Waffle_Empress,Eromanga-sensei,32901,3
Waffle_Empress,Himouto! Umaru-chan,28825,9
WaifuMaster17,Sword Art Online,11757,10
WaifuMaster17,Goblin Slayer,37349,6
WaifuMaster17,Sword Art Online: Alicization,36474,10
WaifuMaster17,Arifureta Shokugyou de Sekai Saikyou,36882,5
WaifuMaster17,Isekai wa Smartphone to Tomo ni.,35203,5
war0blade,Rakudai Kishi no Cavalry,30296,6
war0blade,Re:Creators,34561,6
war0blade,Juuni Taisen,35076,5
Wasshio,Akame ga Kill!,22199,5
Wasshio,Sword Art Online II,21881,6
Wasshio,Sword Art Online,11757,5
Wasshio,Rakudai Kishi no Cavalry,30296,8
Weebston,Akame ga Kill!,22199,8
Weebston,Mahouka Koukou no Rettousei,20785,7
Weebston,High School DxD,11617,7
weewaaweewaa,Btooom!,14345,5
weewaaweewaa,K,14467,7
weewaaweewaa,Death March kara Hajimaru Isekai Kyousoukyoku,34497,10
Werty800,Sword Art Online II,21881,6
Werty800,Re:Creators,34561,8
Werty800,Masamune-kun no Revenge,33487,5
WetWipes,Sword Art Online,11757,2
WetWipes,Sword Art Online II,21881,1
WetWipes,Akame ga Kill!,22199,8
WetWipes,Rokka no Yuusha,28497,10
WhiteWolfKiba,Goblin Slayer,37349,8
WhiteWolfKiba,Black Clover,34572,5
WhiteWolfKiba,Arifureta Shokugyou de Sekai Saikyou,36882,7
WhiteWolfKiba,High School DxD,11617,5
Whoahoho,Re:Creators,34561,8
Whoahoho,Juuni Taisen,35076,3
Whoahoho,Isekai wa Smartphone to Tomo ni.,35203,1
Whoahoho,Death March kara Hajimaru Isekai Kyousoukyoku,34497,1
Whoahoho,Masamune-kun no Revenge,33487,3
Whoahoho,Eromanga-sensei,32901,3
Whoahoho,Kuzu no Honkai,32949,6
wolfwing,C: The Money of Soul and Possibility Control,10163,8
wolfwing,Eromanga-sensei,32901,8
wolfwing,Himouto! Umaru-chan,28825,8
Wumbo_Combo,Elfen Lied,226,10
Wumbo_Combo,Sword Art Online,11757,6
Wumbo_Combo,Sword Art Online II,21881,7
Wumbo_Combo,Aldnoah.Zero,22729,7
Wumbo_Combo,C: The Money of Soul and Possibility Control,10163,8
XanWasting,Absolute Duo,25397,2
XanWasting,Rokka no Yuusha,28497,6
XanWasting,Shuffle!,79,4
Xenalius,Sword Art Online,11757,8
Xenalius,Akame ga Kill!,22199,8
Xenalius,Guilty Crown,10793,8
XHellLyterX,Sword Art Online,11757,6
XHellLyterX,Koutetsujou no Kabaneri,28623,5
XHellLyterX,Re:Creators,34561,6
XHellLyterX,Darling in the FranXX,35849,7
XHellLyterX,Goblin Slayer,37349,4
XHellLyterX,Death March kara Hajimaru Isekai Kyousoukyoku,34497,3
Xnovazero,Btooom!,14345,8
Xnovazero,C: The Money of Soul and Possibility Control,10163,7
Xnovazero,K,14467,8
Yandazan,Guilty Crown,10793,8
Yandazan,Btooom!,14345,5
Yandazan,Deadman Wonderland,6880,7
Yandazan,Highschool of the Dead,8074,3
Yandazan,Elfen Lied,226,8
Yasaal,Darling in the FranXX,35849,3
Yasaal,Isekai wa Smartphone to Tomo ni.,35203,6
Yasaal,Death March kara Hajimaru Isekai Kyousoukyoku,34497,4
Yasaal,Gamers!,34280,9
Yinitzu,Akame ga Kill!,22199,8
Yinitzu,Aldnoah.Zero,22729,10
Yinitzu,Eromanga-sensei,32901,3
yogotah,Sword Art Online,11757,10
yogotah,Accel World,11759,7
yogotah,Guilty Crown,10793,7
Yukikaze_sama,Darling in the FranXX,35849,8
Yukikaze_sama,Isekai wa Smartphone to Tomo ni.,35203,6
Yukikaze_sama,Death March kara Hajimaru Isekai Kyousoukyoku,34497,6
Yuu_Masuhara,Koutetsujou no Kabaneri,28623,6
Yuu_Masuhara,Rokka no Yuusha,28497,5
Yuu_Masuhara,Absolute Duo,25397,7
Yuu_Masuhara,Sword Art Online II,21881,5
Yuu_Masuhara,Btooom!,14345,8
Yuu_Masuhara,Akame ga Kill!,22199,9
Yuu_Masuhara,Black Bullet,20787,8
Yuu_Masuhara,Kuzu no Honkai,32949,9
Zaber_san,Re:Creators,34561,8
Zaber_san,Fate/Apocrypha,34662,6
Zaber_san,Isekai wa Smartphone to Tomo ni.,35203,4
Zaber_san,Gamers!,34280,7
Zaku88,Absolute Duo,25397,3
Zaku88,Accel World,11759,6
Zaku88,Aldnoah.Zero,22729,7
Zaku88,Btooom!,14345,5
Zaku88,C: The Money of Soul and Possibility Control,10163,6
Zaku88,Elfen Lied,226,9
Zaku88,Fate/stay night,356,9
Zaku88,Highschool of the Dead,8074,7
Zaku88,K,14467,4
Zaku88,Rakudai Kishi no Cavalry,30296,7
Zaku88,B-gata H-kei,7817,8
Zaku88,Baka to Test to Shoukanjuu,6347,4
Zaku88,High School DxD,11617,7
Zargos101,Rakudai Kishi no Cavalry,30296,10
Zargos101,Absolute Duo,25397,6
Zargos101,Kenja no Mago,36407,7
Zargos101,Itazura na Kiss,3731,3
ZephSilver,Sword Art Online II,21881,4
ZephSilver,Akame ga Kill!,22199,3
ZephSilver,Aldnoah.Zero,22729,5
ZephSilver,Highschool of the Dead,8074,3
ZephSilver,Absolute Duo,25397,2
ZephSilver,Tokyo Ghoul √A,27899,4
ZephSilver,Koutetsujou no Kabaneri,28623,3
ZephSilver,Kuzu no Honkai,32949,5
_bookwormer_,Koutetsujou no Kabaneri,28623,6
_bookwormer_,Fate/Apocrypha,34662,6
_bookwormer_,Kuzu no Honkai,32949,6
_ecchiman_,Rakudai Kishi no Cavalry,30296,10
_ecchiman_,Mahouka Koukou no Rettousei,20785,10
_ecchiman_,Re:Creators,34561,7
_ecchiman_,Accel World,11759,7
_ecchiman_,Darling in the FranXX,35849,8
_ecchiman_,Eromanga-sensei,32901,2
_ecchiman_,B-gata H-kei,7817,10
